Question_Key,Question_Number,Test_Type,Column_Name
1,1,Pre-Test,Pre_Test_Q1
2,2,Pre-Test,Pre_Test_Q2
3,3,Pre-Test,Pre_Test_Q3
4,4,Pre-Test,Pre_Test_Q4
5,5,Pre-Test,Pre_Test_Q5
6,6,Pre-Test,Pre_Test_Q6
7,7,Pre-Test,Pre_Test_Q7
8,8,Pre-Test,Pre_Test_Q8
9,9,Pre-Test,Pre_Test_Q9
10,10,Pre-Test,Pre_Test_Q10
11,11,Pre-Test,Pre_Test_Q11
12,12,Pre-Test,Pre_Test_Q12
13,13,Pre-Test,Pre_Test_Q13
14,14,Pre-Test,Pre_Test_Q14
15,15,Pre-Test,Pre_Test_Q15
16,16,Pre-Test,Pre_Test_Q16
17,17,Pre-Test,Pre_Test_Q17
18,18,Pre-Test,Pre_Test_Q18
19,19,Pre-Test,Pre_Test_Q19
20,20,Pre-Test,Pre_Test_Q20
21,21,Pre-Test,Pre_Test_Q21
22,22,Pre-Test,Pre_Test_Q22
23,23,Pre-Test,Pre_Test_Q23
24,24,Pre-Test,Pre_Test_Q24
25,25,Pre-Test,Pre_Test_Q25
26,26,Pre-Test,Pre_Test_Q26
27,27,Pre-Test,Pre_Test_Q27
28,28,Pre-Test,Pre_Test_Q28
29,29,Pre-Test,Pre_Test_Q29
30,30,Pre-Test,Pre_Test_Q30
31,31,Pre-Test,Pre_Test_Q31
32,32,Pre-Test,Pre_Test_Q32
33,33,Pre-Test,Pre_Test_Q33
34,34,Pre-Test,Pre_Test_Q34
35,35,Pre-Test,Pre_Test_Q35
36,36,Pre-Test,Pre_Test_Q36
37,37,Pre-Test,Pre_Test_Q37
38,38,Pre-Test,Pre_Test_Q38
39,39,Pre-Test,Pre_Test_Q39
40,40,Pre-Test,Pre_Test_Q40
41,41,Pre-Test,Pre_Test_Q41
42,42,Pre-Test,Pre_Test_Q42
43,43,Pre-Test,Pre_Test_Q43
44,44,Pre-Test,Pre_Test_Q44
45,45,Pre-Test,Pre_Test_Q45
46,46,Pre-Test,Pre_Test_Q46
47,47,Pre-Test,Pre_Test_Q47
48,48,Pre-Test,Pre_Test_Q48
49,49,Pre-Test,Pre_Test_Q49
50,50,Pre-Test,Pre_Test_Q50
51,51,Pre-Test,Pre_Test_Q51
52,52,Pre-Test,Pre_Test_Q52
53,53,Pre-Test,Pre_Test_Q53
54,54,Pre-Test,Pre_Test_Q54
55,55,Pre-Test,Pre_Test_Q55
56,56,Pre-Test,Pre_Test_Q56
57,57,Pre-Test,Pre_Test_Q57
58,58,Pre-Test,Pre_Test_Q58
59,59,Pre-Test,Pre_Test_Q59
60,60,Pre-Test,Pre_Test_Q60
61,61,Pre-Test,Pre_Test_Q61
62,62,Pre-Test,Pre_Test_Q62
63,63,Pre-Test,Pre_Test_Q63
64,64,Pre-Test,Pre_Test_Q64
65,65,Pre-Test,Pre_Test_Q65
66,66,Pre-Test,Pre_Test_Q66
67,67,Pre-Test,Pre_Test_Q67
68,68,Pre-Test,Pre_Test_Q68
69,69,Pre-Test,Pre_Test_Q69
70,70,Pre-Test,Pre_Test_Q70
71,1,Post-Test,Post_Test_Q1
72,2,Post-Test,Post_Test_Q2
73,3,Post-Test,Post_Test_Q3
74,4,Post-Test,Post_Test_Q4
75,5,Post-Test,Post_Test_Q5
76,6,Post-Test,Post_Test_Q6
77,7,Post-Test,Post_Test_Q7
78,8,Post-Test,Post_Test_Q8
79,9,Post-Test,Post_Test_Q9
80,10,Post-Test,Post_Test_Q10
81,11,Post-Test,Post_Test_Q11
82,12,Post-Test,Post_Test_Q12
83,13,Post-Test,Post_Test_Q13
84,14,Post-Test,Post_Test_Q14
85,15,Post-Test,Post_Test_Q15
86,16,Post-Test,Post_Test_Q16
87,17,Post-Test,Post_Test_Q17
88,18,Post-Test,Post_Test_Q18
89,19,Post-Test,Post_Test_Q19
90,20,Post-Test,Post_Test_Q20
91,21,Post-Test,Post_Test_Q21
92,22,Post-Test,Post_Test_Q22
93,23,Post-Test,Post_Test_Q23
94,24,Post-Test,Post_Test_Q24
95,25,Post-Test,Post_Test_Q25
96,26,Post-Test,Post_Test_Q26
97,27,Post-Test,Post_Test_Q27
98,28,Post-Test,Post_Test_Q28
99,29,Post-Test,Post_Test_Q29
100,30,Post-Test,Post_Test_Q30
101,31,Post-Test,Post_Test_Q31
102,32,Post-Test,Post_Test_Q32
103,33,Post-Test,Post_Test_Q33
104,34,Post-Test,Post_Test_Q34
105,35,Post-Test,Post_Test_Q35
106,36,Post-Test,Post_Test_Q36
107,37,Post-Test,Post_Test_Q37
108,38,Post-Test,Post_Test_Q38
109,39,Post-Test,Post_Test_Q39
110,40,Post-Test,Post_Test_Q40
111,41,Post-Test,Post_Test_Q41
112,42,Post-Test,Post_Test_Q42
113,43,Post-Test,Post_Test_Q43
114,44,Post-Test,Post_Test_Q44
115,45,Post-Test,Post_Test_Q45
116,46,Post-Test,Post_Test_Q46
117,47,Post-Test,Post_Test_Q47
118,48,Post-Test,Post_Test_Q48
119,49,Post-Test,Post_Test_Q49
120,50,Post-Test,Post_Test_Q50
121,51,Post-Test,Post_Test_Q51
122,52,Post-Test,Post_Test_Q52
123,53,Post-Test,Post_Test_Q53
124,54,Post-Test,Post_Test_Q54
125,55,Post-Test,Post_Test_Q55
126,56,Post-Test,Post_Test_Q56
127,57,Post-Test,Post_Test_Q57
128,58,Post-Test,Post_Test_Q58
129,59,Post-Test,Post_Test_Q59
130,60,Post-Test,Post_Test_Q60
131,61,Post-Test,Post_Test_Q61
132,62,Post-Test,Post_Test_Q62
133,63,Post-Test,Post_Test_Q63
134,64,Post-Test,Post_Test_Q64
135,65,Post-Test,Post_Test_Q65
136,66,Post-Test,Post_Test_Q66
137,67,Post-Test,Post_Test_Q67
138,68,Post-Test,Post_Test_Q68
139,69,Post-Test,Post_Test_Q69
140,70,Post-Test,Post_Test_Q70
