Student_ID,Group_ID,Total_Pre_Test,Total_Post_Test,Test_Knowledge_Gain,Total_Pre_Enjoyment,Total_Post_Enjoyment,Total_Passion,Passion_Learning_Efficiency,Pre_Test_Q1,Pre_Test_Q2,Pre_Test_Q3,Pre_Test_Q4,Pre_Test_Q5,Pre_Test_Q6,Pre_Test_Q7,Pre_Test_Q8,Pre_Test_Q9,Pre_Test_Q10,Pre_Test_Q11,Pre_Test_Q12,Pre_Test_Q13,Pre_Test_Q14,Pre_Test_Q15,Pre_Test_Q16,Pre_Test_Q17,Pre_Test_Q18,Pre_Test_Q19,Pre_Test_Q20,Pre_Test_Q21,Pre_Test_Q22,Pre_Test_Q23,Pre_Test_Q24,Pre_Test_Q25,Pre_Test_Q26,Pre_Test_Q27,Pre_Test_Q28,Pre_Test_Q29,Pre_Test_Q30,Pre_Test_Q31,Pre_Test_Q32,Pre_Test_Q33,Pre_Test_Q34,Pre_Test_Q35,Pre_Test_Q36,Pre_Test_Q37,Pre_Test_Q38,Pre_Test_Q39,Pre_Test_Q40,Pre_Test_Q41,Pre_Test_Q42,Pre_Test_Q43,Pre_Test_Q44,Pre_Test_Q45,Pre_Test_Q46,Pre_Test_Q47,Pre_Test_Q48,Pre_Test_Q49,Pre_Test_Q50,Pre_Test_Q51,Pre_Test_Q52,Pre_Test_Q53,Pre_Test_Q54,Pre_Test_Q55,Pre_Test_Q56,Pre_Test_Q57,Pre_Test_Q58,Pre_Test_Q59,Pre_Test_Q60,Pre_Test_Q61,Pre_Test_Q62,Pre_Test_Q63,Pre_Test_Q64,Pre_Test_Q65,Pre_Test_Q66,Pre_Test_Q67,Pre_Test_Q68,Pre_Test_Q69,Pre_Test_Q70,Post_Test_Q1,Post_Test_Q2,Post_Test_Q3,Post_Test_Q4,Post_Test_Q5,Post_Test_Q6,Post_Test_Q7,Post_Test_Q8,Post_Test_Q9,Post_Test_Q10,Post_Test_Q11,Post_Test_Q12,Post_Test_Q13,Post_Test_Q14,Post_Test_Q15,Post_Test_Q16,Post_Test_Q17,Post_Test_Q18,Post_Test_Q19,Post_Test_Q20,Post_Test_Q21,Post_Test_Q22,Post_Test_Q23,Post_Test_Q24,Post_Test_Q25,Post_Test_Q26,Post_Test_Q27,Post_Test_Q28,Post_Test_Q29,Post_Test_Q30,Post_Test_Q31,Post_Test_Q32,Post_Test_Q33,Post_Test_Q34,Post_Test_Q35,Post_Test_Q36,Post_Test_Q37,Post_Test_Q38,Post_Test_Q39,Post_Test_Q40,Post_Test_Q41,Post_Test_Q42,Post_Test_Q43,Post_Test_Q44,Post_Test_Q45,Post_Test_Q46,Post_Test_Q47,Post_Test_Q48,Post_Test_Q49,Post_Test_Q50,Post_Test_Q51,Post_Test_Q52,Post_Test_Q53,Post_Test_Q54,Post_Test_Q55,Post_Test_Q56,Post_Test_Q57,Post_Test_Q58,Post_Test_Q59,Post_Test_Q60,Post_Test_Q61,Post_Test_Q62,Post_Test_Q63,Post_Test_Q64,Post_Test_Q65,Post_Test_Q66,Post_Test_Q67,Post_Test_Q68,Post_Test_Q69,Post_Test_Q70,Pre_Enjoy_Item_1,Pre_Enjoy_Item_2,Pre_Enjoy_Item_3,Pre_Enjoy_Item_4,Pre_Enjoy_Item_5,Pre_Enjoy_Item_6,Pre_Enjoy_Item_7,Pre_Enjoy_Item_8,Pre_Enjoy_Item_9,Pre_Enjoy_Item_10,Pre_Enjoy_Item_11,Pre_Enjoy_Item_12,Pre_Enjoy_Item_13,Pre_Enjoy_Item_14,Pre_Enjoy_Item_15,Pre_Enjoy_Item_16,Pre_Enjoy_Item_17,Pre_Enjoy_Item_18,Pre_Enjoy_Item_19,Pre_Enjoy_Item_20,Pre_Enjoy_Item_21,Pre_Enjoy_Item_22,Pre_Enjoy_Item_23,Pre_Enjoy_Item_24,Pre_Enjoy_Item_25,Pre_Enjoy_Item_26,Pre_Enjoy_Item_27,Pre_Enjoy_Item_28,Pre_Enjoy_Item_29,Pre_Enjoy_Item_30,Pre_Enjoy_Item_31,Pre_Enjoy_Item_32,Post_Enjoy_Item_1,Post_Enjoy_Item_2,Post_Enjoy_Item_3,Post_Enjoy_Item_4,Post_Enjoy_Item_5,Post_Enjoy_Item_6,Post_Enjoy_Item_7,Post_Enjoy_Item_8,Post_Enjoy_Item_9,Post_Enjoy_Item_10,Post_Enjoy_Item_11,Post_Enjoy_Item_12,Post_Enjoy_Item_13,Post_Enjoy_Item_14,Post_Enjoy_Item_15,Post_Enjoy_Item_16,Post_Enjoy_Item_17,Post_Enjoy_Item_18,Post_Enjoy_Item_19,Post_Enjoy_Item_20,Post_Enjoy_Item_21,Post_Enjoy_Item_22,Post_Enjoy_Item_23,Post_Enjoy_Item_24,Post_Enjoy_Item_25,Post_Enjoy_Item_26,Post_Enjoy_Item_27,Post_Enjoy_Item_28,Post_Enjoy_Item_29,Post_Enjoy_Item_30,Post_Enjoy_Item_31,Post_Enjoy_Item_32,Passion_Item_1,Passion_Item_2,Passion_Item_3,Passion_Item_4,Passion_Item_5,Passion_Item_6,Passion_Item_7,Passion_Item_8,Passion_Item_9,Passion_Item_10,Passion_Item_11,Passion_Item_12,Passion_Item_13,Passion_Item_14,Passion_Item_15,Passion_Item_16,Passion_Item_17,Passion_Item_18,Passion_Item_19,Passion_Item_20,Passion_Item_21,Passion_Item_22,Passion_Item_23,Passion_Item_24,Passion_Item_25,Passion_Item_26,Passion_Item_27,Passion_Item_28,Passion_Item_29,Passion_Item_30
stud30138@raqood-ai,GP1_Robot,27,57,30,75,84,73,0.781,1,0,1,0,1,0,0,0,0,1,0,1,1,0,0,0,1,1,1,0,0,0,0,0,0,1,0,0,1,0,1,0,0,0,1,1,0,0,1,0,0,0,0,1,1,1,0,0,0,0,1,1,0,0,0,0,1,0,0,0,1,1,1,1,0,0,1,0,0,1,0,1,1,1,1,1,1,1,1,1,0,0,1,1,1,1,1,1,0,1,1,1,1,1,1,1,1,1,0,1,1,0,1,1,0,1,1,1,1,1,1,1,0,1,1,0,1,1,1,1,0,1,1,1,1,1,1,1,1,1,1,0,1,1,1,0,0,1,1,1,1,1,3,3,1,3,2,1,1,1,1,3,1,1,2,2,2,3,2,3,3,3,3,1,3,2,3,2,2,1,1,1,4,3,2,3,3,4,2,2,2,2,2,3,2,3,2,3,2,2,4,3,4,2,3,2,2,4,3,3,2,3,2,2,4,2,4,2,4,2,2,2,4,3,3,2,3,3,3,3,2,4,3,3,3,2,4,3,2,4,3,3,4,3
stud30223@raqood-ai,GP2_Robot_Advanced,22,56,34,80,83,83,0.675,0,0,0,0,1,0,1,1,1,1,0,0,1,1,1,0,0,1,0,1,0,0,0,1,0,0,0,0,0,0,0,1,1,1,0,0,0,0,0,0,1,0,0,0,0,0,0,0,0,1,0,0,0,1,0,0,0,0,0,0,1,1,0,0,0,1,0,0,1,1,1,1,1,1,1,0,1,1,1,0,1,1,1,1,0,1,0,1,1,0,1,1,1,0,1,0,1,1,1,1,1,1,1,1,1,1,1,1,0,1,1,0,0,1,1,0,1,1,1,1,1,1,1,1,1,1,1,1,1,1,1,1,0,0,1,1,1,0,1,1,3,1,3,3,3,1,2,1,3,1,3,3,2,3,2,2,1,3,1,2,2,3,2,2,2,2,2,1,2,2,1,3,4,2,4,3,3,4,2,2,2,2,4,2,3,2,3,4,3,3,3,2,3,2,2,3,2,2,4,3,2,3,4,3,4,2,3,4,2,4,2,4,2,3,4,2,2,2,2,4,2,3,4,4,3,3,2,2,3,4,2,2,4,3
stud30245@raqood-ai,GP2_Robot_Advanced,24,54,30,83,86,79,0.684,0,0,0,0,0,1,1,0,0,1,0,1,0,1,0,1,0,0,0,0,0,0,0,1,1,1,1,0,0,0,1,0,0,1,1,0,1,0,0,0,0,1,1,0,0,0,1,0,0,1,1,0,0,0,1,0,0,1,0,0,0,0,0,0,1,0,1,1,0,0,1,1,1,1,1,1,1,0,1,1,1,1,1,1,1,1,0,1,1,1,1,1,0,1,1,1,1,1,0,1,0,0,1,1,0,1,1,0,1,1,1,0,0,1,0,1,1,1,1,1,1,1,1,1,1,0,1,1,0,1,0,1,0,1,1,1,1,1,0,1,2,3,3,2,3,1,3,1,1,2,1,2,2,1,2,1,2,1,3,2,1,3,1,3,2,1,1,1,3,1,1,2,2,4,2,3,4,2,3,3,3,2,3,4,4,4,4,4,3,3,3,4,3,3,3,2,4,4,4,2,2,2,2,4,2,2,3,2,2,3,4,3,3,3,2,2,2,4,3,4,4,2,3,4,4,2,3,2,2,2,4,2,4,3
stud30199@raqood-ai,GP2_Robot_Advanced,20,62,42,75,89,79,0.785,0,1,0,0,0,0,0,0,0,0,1,0,1,0,0,1,0,0,1,0,1,1,0,0,1,0,0,0,0,0,1,0,0,1,0,0,0,1,0,0,0,0,0,1,1,0,1,0,1,0,0,0,0,0,1,1,0,1,0,0,0,1,0,0,1,0,0,0,0,0,1,1,1,1,0,1,1,1,1,1,1,1,0,0,1,1,1,1,1,1,1,1,0,1,0,1,0,1,1,1,1,1,1,1,0,1,1,1,1,1,1,1,1,1,1,1,1,1,1,1,1,1,1,1,1,1,1,1,0,1,1,1,1,1,1,1,1,1,1,1,1,2,2,3,3,2,3,3,1,2,1,1,1,3,2,1,1,3,1,2,2,2,1,1,1,1,1,1,2,2,1,3,4,3,4,3,3,4,4,2,3,3,3,3,3,2,3,4,4,2,3,2,2,2,4,4,2,4,4,3,4,4,3,2,3,2,4,4,2,3,2,4,2,3,2,3,4,4,4,2,4,2,4,4,4,3,2,2,2,4,2,2,4,2
stud30257@raqood-ai,GP2_Robot_Advanced,27,55,28,78,76,82,0.671,0,1,1,1,0,1,0,0,0,1,1,0,0,1,0,1,0,0,1,0,1,1,0,1,0,1,1,0,0,1,1,0,0,1,1,0,1,1,0,0,1,0,1,0,1,0,0,1,0,0,1,0,0,0,0,1,0,0,0,0,0,0,0,0,0,0,1,0,0,0,1,1,1,1,1,1,0,1,1,1,0,1,0,1,1,1,1,1,1,1,0,0,1,0,1,0,1,1,0,1,1,0,1,1,1,0,1,1,0,1,1,1,1,0,1,1,1,1,1,0,1,1,1,1,1,1,1,1,1,1,0,1,0,1,1,1,1,1,1,1,2,2,3,1,2,3,3,3,1,3,1,3,3,2,2,3,3,3,3,2,3,1,1,3,3,3,2,2,3,1,3,2,2,4,3,3,4,2,4,2,4,3,2,2,4,2,3,3,2,3,3,4,4,4,3,4,2,2,3,3,4,3,2,2,3,4,2,3,4,4,2,4,2,3,3,2,3,3,2,4,4,2,3,2,4,2,4,2,2,4,2,4,4,3
stud30277@raqood-ai,GP2_Robot_Advanced,40,54,14,80,82,80,0.675,0,0,1,0,1,0,1,0,1,1,1,0,0,1,0,0,0,1,1,1,0,1,0,0,1,0,1,1,0,1,1,1,0,1,0,1,1,1,0,1,1,0,0,1,0,1,1,1,1,0,0,0,1,1,0,1,1,1,0,0,1,1,0,1,1,0,0,1,1,1,1,1,1,0,0,1,1,1,0,0,1,1,1,0,0,1,1,1,1,1,1,1,1,1,0,1,1,1,0,1,0,1,1,1,1,0,1,1,1,1,1,1,1,1,1,0,0,0,1,1,1,0,0,1,1,1,1,1,1,1,1,1,1,1,1,1,1,0,1,1,3,2,1,2,3,2,3,1,2,2,2,3,1,1,2,3,1,1,3,2,1,2,2,2,3,2,3,1,3,2,2,2,2,3,3,2,3,2,4,4,3,2,2,4,4,3,4,2,4,3,2,2,2,2,3,2,4,3,3,3,2,3,3,3,4,3,3,4,2,2,4,2,4,2,3,2,4,3,2,3,4,3,2,3,3,4,4,2,4,2,2,4,2,4
stud30075@raqood-ai,GP2_Robot_Advanced,27,56,29,80,86,71,0.789,0,0,1,1,1,0,0,0,0,0,0,0,1,0,0,0,0,1,0,1,0,0,0,1,0,1,1,1,0,1,0,0,0,1,0,1,1,0,0,1,0,1,0,1,0,1,1,1,0,0,0,0,0,0,0,0,0,0,0,1,1,1,0,0,1,1,0,0,1,1,1,0,1,1,0,0,1,1,1,1,1,1,1,0,0,1,1,1,1,1,1,1,1,0,1,1,1,1,0,1,1,1,1,1,1,1,0,1,1,1,1,1,0,1,1,1,1,1,1,0,1,1,1,0,1,1,1,1,1,1,1,1,1,0,1,1,1,0,0,1,2,1,3,2,1,3,2,3,3,1,3,1,1,1,3,2,1,3,3,1,2,2,2,3,1,1,2,2,3,2,3,2,3,4,4,4,4,4,2,3,4,2,2,3,3,3,3,3,2,4,2,2,2,2,4,3,2,2,3,4,4,3,2,3,2,4,3,4,2,4,3,2,4,3,4,2,4,3,2,3,2,3,2,3,2,2,4,2,2,4,4,3,4,3
stud30180@raqood-ai,GP2_Robot_Advanced,26,48,22,70,82,73,0.658,1,1,0,1,1,0,0,0,0,0,0,0,1,1,1,1,0,0,0,1,1,1,0,0,0,0,0,1,1,0,1,1,0,1,1,0,0,1,0,1,0,0,0,0,1,0,0,0,0,0,1,0,0,0,0,0,0,0,1,0,1,0,0,0,0,1,1,0,1,0,1,1,1,1,0,0,1,0,0,1,0,0,1,1,1,1,1,0,1,1,1,1,0,0,0,0,1,1,1,1,1,1,1,1,0,1,0,1,1,1,1,1,1,0,0,0,1,1,1,1,1,1,1,1,0,1,1,1,1,1,0,1,0,0,1,0,1,1,1,0,3,1,1,1,2,2,1,3,1,2,1,1,2,2,2,3,3,1,2,3,2,1,2,1,3,1,2,3,1,3,3,2,2,4,2,2,3,3,4,2,4,3,3,2,2,4,2,4,3,2,2,3,4,4,4,4,3,2,4,3,3,2,2,2,2,2,2,2,4,4,4,4,4,2,3,3,3,2,4,4,2,3,4,3,2,2,2,4,3,4,4,2,3,2
stud30151@raqood-ai,GP2_Robot_Advanced,26,47,21,71,79,73,0.644,1,0,0,0,0,1,1,1,0,0,0,1,0,0,0,0,0,0,0,0,0,0,1,1,0,0,1,0,1,1,0,1,0,1,0,1,0,0,0,0,0,0,0,0,0,0,1,1,0,1,1,1,1,0,0,1,0,0,1,0,0,1,1,1,1,0,1,0,0,0,1,0,0,1,0,1,1,1,1,0,1,1,0,0,0,1,0,0,1,1,1,1,1,1,1,0,1,0,1,0,1,1,1,1,1,0,0,0,1,1,1,1,1,1,1,0,1,1,1,1,1,1,1,0,0,1,0,0,1,1,0,0,1,1,0,1,1,1,1,1,3,1,2,1,1,2,3,2,1,2,1,1,3,3,1,2,1,2,1,2,2,3,1,1,3,2,2,1,1,3,1,3,3,3,2,2,4,2,4,4,2,2,2,2,3,2,3,2,2,2,3,2,2,3,2,2,4,2,3,3,3,4,3,2,3,3,3,3,4,3,4,3,3,2,4,4,3,3,3,2,2,3,2,3,4,2,2,4,3,3,4,3,2,2
stud30165@raqood-ai,GP2_Robot_Advanced,28,59,31,73,77,75,0.787,0,1,1,1,0,0,0,1,1,0,1,0,1,0,1,0,0,1,0,0,1,1,1,0,0,0,1,1,0,1,0,0,0,0,0,0,1,0,1,1,1,0,0,0,0,0,0,0,0,1,0,0,1,0,1,0,1,0,0,1,0,1,0,1,1,0,0,0,1,0,1,1,1,1,1,1,0,0,1,1,1,1,1,1,1,1,1,1,1,1,1,1,1,1,1,1,0,1,1,1,1,0,0,1,0,1,0,1,1,1,1,0,1,1,1,0,1,0,1,1,1,1,1,1,1,1,1,1,1,1,1,1,1,1,1,1,1,1,0,1,3,1,3,1,1,1,1,3,3,3,3,2,2,1,3,1,1,2,2,3,3,1,3,2,2,1,2,3,3,3,2,1,4,4,3,4,4,2,4,3,2,4,4,2,4,3,4,2,3,3,2,4,4,2,4,2,4,2,4,4,4,4,4,3,3,3,3,4,4,2,3,4,3,4,3,2,4,2,4,2,4,3,3,3,2,3,2,4,4,3,2,4,2,2
stud30234@raqood-ai,GP2_Robot_Advanced,33,60,27,77,98,85,0.706,1,0,1,0,1,0,0,0,0,1,1,0,0,1,1,1,1,0,1,0,1,1,0,1,1,0,0,0,1,0,0,0,1,1,0,1,0,1,1,0,0,0,1,0,1,0,1,1,0,1,1,0,1,1,0,0,0,0,1,1,0,1,1,0,0,0,1,0,0,0,1,1,1,1,1,0,1,1,1,1,1,0,1,1,1,1,1,1,1,0,1,1,1,1,1,1,0,1,1,1,1,0,1,1,1,1,1,1,0,0,1,1,1,0,1,1,1,1,1,1,1,1,1,1,0,1,1,0,1,1,1,1,1,1,1,1,1,1,1,1,1,3,3,1,3,1,3,2,1,3,3,1,2,2,3,3,2,1,1,2,3,2,2,2,1,1,3,3,3,1,3,1,4,4,4,4,4,4,3,3,2,3,2,4,3,4,2,2,4,4,4,3,2,2,4,4,2,4,4,2,4,4,2,4,2,3,2,4,2,4,4,3,2,4,2,3,3,2,2,4,4,3,3,3,4,2,4,2,2,4,2,4,2,2
stud30233@raqood-ai,GP2_Robot_Advanced,24,53,29,81,84,72,0.736,0,0,0,0,0,1,0,1,1,0,0,0,0,1,0,1,1,0,0,0,1,0,0,0,0,0,0,0,0,0,0,0,0,1,1,1,0,0,1,0,0,0,0,0,0,0,1,0,0,1,1,1,0,0,1,1,1,1,0,1,1,0,0,0,1,0,1,0,1,0,1,0,1,1,1,1,1,0,1,1,1,1,1,0,1,0,1,1,1,1,1,1,1,1,0,1,1,0,1,0,1,1,1,1,1,1,0,1,1,0,1,1,1,1,1,0,1,1,0,1,0,1,0,1,1,1,0,0,1,0,1,1,1,1,1,1,1,1,0,1,3,1,3,1,2,2,2,3,1,2,2,1,3,2,1,3,2,2,1,1,3,3,2,3,2,2,3,1,2,1,1,1,2,4,2,2,4,2,3,4,2,3,3,2,4,4,4,3,3,4,4,3,2,3,3,4,4,3,2,4,2,2,4,4,3,3,3,4,4,2,3,2,4,2,4,4,2,3,4,4,2,2,4,2,3,4,3,3,4,2,4,2,4,4
stud30246@raqood-ai,GP2_Robot_Advanced,36,56,20,72,77,82,0.683,1,1,0,0,0,1,1,0,0,1,1,0,0,1,0,1,0,0,0,1,0,1,1,1,1,0,1,1,1,1,0,0,0,1,1,1,1,0,0,1,0,0,0,1,0,0,1,0,0,1,0,1,1,0,0,1,1,0,0,1,1,1,0,0,1,1,0,1,1,0,1,1,1,0,1,0,0,1,1,1,1,1,1,1,1,1,1,1,1,0,1,1,1,1,1,1,1,1,0,1,0,1,1,1,0,1,1,1,1,1,1,0,1,0,1,1,0,1,1,0,1,1,0,1,0,1,1,1,1,1,0,1,1,1,1,1,1,1,1,1,2,1,1,3,1,1,2,2,3,3,2,2,3,3,2,1,3,3,2,2,2,3,1,2,1,2,3,3,2,2,2,2,2,2,2,3,3,2,4,3,4,3,4,3,4,2,2,2,4,4,3,3,4,2,3,4,2,3,3,3,4,4,3,4,4,2,4,4,4,2,3,3,2,2,3,2,3,2,3,2,3,4,4,3,4,2,3,4,3,2,4,4,3,2
stud30181@raqood-ai,GP2_Robot_Advanced,32,51,19,78,86,79,0.646,1,0,0,0,0,1,0,0,0,0,1,0,1,0,0,1,1,1,1,0,1,1,0,0,1,1,1,1,0,1,0,0,1,1,0,1,0,1,0,0,1,1,0,0,0,0,0,1,0,0,0,1,0,0,0,1,1,1,0,0,0,1,1,0,1,1,0,1,0,1,1,0,1,0,0,1,1,1,0,1,1,1,1,0,1,0,1,0,1,1,1,0,1,1,1,1,1,0,1,1,1,1,1,0,1,1,1,1,1,1,0,1,0,1,1,0,1,1,1,1,1,1,1,1,0,1,0,1,1,1,1,0,0,1,0,1,0,1,1,1,2,3,2,3,1,2,1,1,1,3,2,1,1,3,1,1,2,3,1,1,1,3,3,1,1,1,3,3,2,2,2,2,4,3,4,2,3,3,3,4,3,2,2,4,4,4,2,2,4,4,3,2,4,2,4,4,4,2,2,3,3,3,3,3,2,4,4,3,3,3,4,3,3,2,4,3,3,4,3,3,2,2,3,3,2,4,3,3,3,2,2,3,2,2
stud30275@raqood-ai,GP2_Robot_Advanced,31,54,23,74,85,72,0.75,0,0,0,1,0,0,0,1,0,0,1,0,1,0,1,1,1,1,1,0,1,0,0,0,0,0,1,0,1,1,1,1,0,1,1,1,1,1,1,0,0,0,0,0,0,0,1,0,1,0,1,0,0,1,0,0,1,0,0,0,1,0,0,1,0,0,1,1,1,0,1,1,1,0,0,1,0,1,1,1,1,1,0,1,1,1,1,1,1,1,0,1,1,1,1,0,0,1,1,0,0,0,0,1,1,0,0,1,1,1,1,1,1,1,1,1,1,1,1,1,1,1,1,1,1,1,1,0,1,1,1,1,1,1,1,1,1,1,0,0,1,1,2,3,1,3,3,3,2,2,1,2,3,1,2,1,3,1,1,3,1,3,2,3,3,2,2,2,2,1,2,1,4,2,4,4,4,3,2,2,2,3,3,4,3,3,3,4,4,3,2,3,4,3,2,4,3,2,3,2,3,2,3,3,3,3,3,2,2,3,3,4,2,2,4,2,2,4,4,3,2,3,3,2,2,4,2,4,4,2,4,2,2,4
stud30250@raqood-ai,GP2_Robot_Advanced,33,56,23,79,78,73,0.767,1,0,0,0,1,0,0,0,1,0,1,1,1,1,0,1,0,1,0,1,0,1,0,1,0,1,0,0,1,1,0,0,1,0,1,0,0,0,1,0,1,0,1,0,0,1,1,1,1,0,1,1,0,1,1,1,0,1,0,0,0,0,0,0,1,1,1,0,0,0,1,1,0,1,1,1,1,1,1,0,1,1,1,0,1,1,1,1,1,1,1,1,1,1,1,0,0,1,0,1,1,1,1,1,1,0,0,0,0,1,1,1,1,1,1,1,0,1,1,0,0,0,1,1,1,1,1,1,1,1,1,1,1,1,1,1,1,1,1,1,1,1,1,1,3,1,1,3,2,1,2,3,3,2,3,2,2,3,2,2,2,1,2,1,3,3,3,1,2,1,1,1,3,4,3,4,2,3,3,3,3,2,3,4,4,4,2,4,3,3,2,3,4,2,3,2,3,2,4,4,4,3,2,2,3,2,2,4,2,2,3,2,2,2,3,4,4,4,2,4,4,2,2,3,3,3,4,4,2,2,4,2,4,3
stud30206@raqood-ai,GP2_Robot_Advanced,20,58,38,78,82,66,0.879,0,0,0,0,1,0,1,0,1,0,0,1,0,0,1,0,1,0,1,0,0,1,0,0,1,1,0,0,1,0,0,0,0,1,0,1,1,0,0,0,0,0,0,1,0,0,0,0,0,0,1,0,1,1,0,0,0,0,1,0,0,0,0,0,0,1,0,0,0,0,1,1,0,1,0,1,1,0,1,1,1,1,1,1,1,1,1,1,1,0,1,1,1,1,1,1,1,1,1,1,0,0,0,1,1,1,1,1,1,1,1,1,1,1,1,1,1,0,1,1,0,1,1,1,1,1,1,1,1,0,1,1,1,1,1,0,1,1,1,0,2,1,2,1,2,2,1,1,3,3,1,3,3,2,3,2,1,1,3,1,2,2,2,3,1,1,3,3,1,2,2,3,4,2,3,4,2,4,3,2,3,4,2,3,2,4,2,3,4,4,4,2,3,3,2,2,4,4,4,2,3,2,4,3,2,2,2,3,3,2,2,3,4,3,4,4,3,4,2,3,2,4,3,4,4,3,2,4,4,4,2,3,3,4
stud30160@raqood-ai,GP2_Robot_Advanced,28,60,32,73,87,70,0.857,1,0,1,0,0,0,0,0,0,0,0,1,1,0,0,0,0,1,1,0,0,0,1,1,1,0,0,0,1,0,0,1,0,1,1,1,0,1,0,1,1,1,0,1,0,0,0,0,0,0,1,1,0,0,0,1,0,1,0,1,1,0,0,0,1,0,0,1,0,1,1,1,1,1,1,0,1,1,1,0,0,1,1,0,1,1,1,1,0,1,1,1,1,1,1,1,1,1,0,1,1,1,1,1,1,1,1,1,1,1,1,1,1,1,1,1,1,1,1,1,1,1,1,1,1,0,1,1,0,1,0,1,1,1,1,1,1,1,0,1,2,1,1,3,3,3,2,1,1,2,1,1,1,1,2,2,2,2,3,2,2,3,2,1,2,1,3,3,2,3,1,1,3,3,3,3,4,2,2,4,2,2,3,2,2,2,3,4,4,3,2,4,4,4,2,4,2,4,4,4,4,4,3,4,3,2,4,2,2,2,3,3,2,3,4,4,4,2,3,3,4,3,2,3,2,2,3,4,2,2,4,3,2,4
stud30158@raqood-ai,GP2_Robot_Advanced,24,55,31,71,83,78,0.705,0,0,0,1,1,0,0,0,0,1,0,0,0,1,1,0,1,0,0,0,0,0,1,0,0,0,0,0,0,0,0,0,1,0,0,0,0,1,1,1,1,0,0,0,1,1,1,1,0,0,0,1,0,0,0,1,0,0,1,0,1,0,0,0,1,0,1,1,1,0,1,1,1,1,0,1,1,0,1,1,0,0,0,0,1,0,1,1,1,1,1,1,0,1,1,1,1,1,1,1,1,1,1,1,1,0,1,0,1,1,1,1,1,1,1,1,1,0,1,1,1,1,1,1,0,0,1,1,1,1,1,1,0,1,1,1,1,1,0,1,1,1,1,1,2,2,1,1,1,2,2,3,3,2,3,3,1,2,3,3,2,1,1,3,2,1,3,3,2,3,2,1,4,2,4,2,3,4,4,2,3,2,3,2,3,2,2,3,3,3,4,3,3,3,2,2,3,4,2,2,4,3,3,3,4,2,3,4,2,4,2,4,4,2,2,3,4,4,3,2,3,3,4,4,4,2,3,2,2,3,3,4,4,2
stud30195@raqood-ai,GP2_Robot_Advanced,25,60,35,78,86,68,0.882,1,0,1,0,0,0,1,0,0,1,1,0,0,0,1,0,0,1,0,0,1,1,1,1,1,0,0,1,1,1,0,0,0,0,1,1,0,0,1,0,1,0,0,0,0,0,1,0,0,0,0,0,0,0,1,1,0,0,0,0,0,0,1,1,1,0,0,0,0,0,1,1,1,1,1,1,1,1,1,1,1,1,1,1,1,1,1,1,1,0,1,1,0,0,1,1,1,1,0,1,1,1,0,0,1,1,1,1,1,1,0,1,1,1,1,1,1,1,1,0,1,1,1,1,1,1,1,1,1,1,1,1,1,1,1,0,1,0,1,1,3,2,1,3,1,3,1,2,2,3,2,3,2,1,1,2,3,2,2,3,1,2,3,2,3,3,1,3,3,1,1,2,2,3,4,3,3,4,2,3,4,2,3,3,2,3,2,3,4,2,4,4,4,4,4,4,4,3,3,4,2,3,3,3,2,2,4,2,3,3,2,3,2,3,3,2,4,4,4,2,4,4,2,2,3,2,3,3,2,3,3,4,4,4
stud30178@raqood-ai,GP2_Robot_Advanced,22,58,36,77,90,70,0.829,0,1,0,1,0,0,1,1,0,0,1,0,1,0,1,0,1,0,0,1,0,0,1,0,0,1,0,0,0,1,0,0,1,0,0,0,0,0,0,0,0,0,0,1,1,0,0,0,0,0,1,0,1,1,0,0,0,0,0,1,0,1,0,0,0,1,0,1,0,0,1,1,1,1,1,1,1,1,1,0,1,0,1,1,1,1,1,1,1,0,1,1,0,1,1,1,1,1,1,0,1,0,0,1,1,1,1,1,1,0,1,0,1,1,1,0,1,1,1,1,1,1,1,1,1,0,1,1,0,1,1,1,1,1,1,1,1,1,1,1,3,2,3,3,3,3,2,2,3,1,2,1,2,3,2,2,1,1,2,3,3,1,2,2,2,2,2,2,1,1,1,1,3,3,2,2,3,2,2,4,2,3,2,4,2,4,4,4,3,2,4,2,4,3,4,4,3,4,4,4,2,4,2,2,4,4,4,4,2,2,2,2,4,4,2,4,4,2,4,2,4,2,4,3,3,2,3,3,4,4,4,3,3,2
stud30200@raqood-ai,GP2_Robot_Advanced,27,56,29,73,91,74,0.757,1,0,0,0,1,1,1,0,0,0,0,1,1,1,0,1,0,0,0,0,0,0,0,0,0,0,0,0,0,0,0,0,1,1,1,0,1,1,0,1,0,1,0,1,1,0,1,0,1,0,0,1,0,1,0,0,0,1,0,1,0,0,1,0,0,0,1,1,1,0,0,1,1,1,0,1,1,1,1,1,1,1,1,1,1,1,1,1,1,1,1,0,1,0,0,1,1,1,1,0,1,0,1,1,1,0,1,0,1,1,1,1,0,1,1,1,1,0,1,1,1,1,1,1,1,1,1,1,0,0,1,1,1,1,1,1,1,0,1,1,1,1,2,2,3,3,2,1,2,3,1,1,2,3,3,2,2,2,1,2,3,1,3,2,1,2,3,2,3,3,3,1,2,3,4,2,4,3,3,2,2,2,3,4,4,4,4,3,2,3,3,3,2,4,3,2,3,2,4,2,4,2,2,2,2,4,4,4,2,4,3,3,4,4,3,2,4,3,3,3,2,2,2,2,4,4,3,4,2,3,3,3,3,3
stud30152@raqood-ai,GP2_Robot_Advanced,25,54,29,78,77,71,0.761,0,0,1,0,1,1,1,0,0,0,0,0,0,0,0,1,1,1,1,0,0,0,0,1,1,0,1,0,0,0,0,1,0,0,1,0,0,0,0,0,1,0,0,1,0,1,0,0,1,1,1,0,0,1,0,0,1,0,1,0,0,0,0,0,1,1,0,0,0,1,0,1,1,0,1,1,1,1,1,1,1,1,0,0,1,1,1,0,1,1,0,1,1,0,1,0,1,1,1,1,1,1,1,0,0,0,1,1,1,1,1,1,1,1,1,1,0,1,1,1,1,0,1,1,1,1,1,1,1,1,0,1,0,1,1,1,0,1,1,1,3,2,2,2,3,2,1,2,3,1,1,1,1,3,1,1,3,2,3,2,3,3,1,2,3,1,2,3,2,3,2,3,3,3,3,4,3,3,3,2,4,2,4,3,4,4,3,3,3,2,3,4,3,2,2,2,3,3,3,3,4,4,4,2,3,4,2,3,3,2,2,3,4,3,3,3,4,4,3,3,2,2,3,4,4,3,4,3,3,4,4,4,2,2
stud30218@raqood-ai,GP2_Robot_Advanced,25,53,28,83,95,75,0.707,0,0,0,1,0,1,0,0,0,0,0,0,0,0,0,0,0,0,0,0,1,1,0,0,1,0,0,0,0,0,1,0,1,1,0,1,1,1,0,1,0,0,0,1,1,1,1,0,0,1,0,0,1,1,0,0,1,1,0,0,1,1,0,0,0,1,0,0,0,1,0,1,1,1,1,1,0,1,1,1,0,1,1,1,1,1,1,1,0,1,0,0,1,0,1,0,0,1,1,1,1,0,1,1,0,1,1,0,1,1,1,1,0,1,1,1,1,1,1,1,1,1,1,1,1,1,0,1,1,1,1,0,1,1,1,0,1,1,1,0,3,2,2,1,1,3,3,3,3,3,3,2,1,3,3,1,1,2,1,1,1,2,1,2,1,2,2,3,2,1,2,3,3,4,4,3,4,4,2,3,3,2,3,3,4,3,3,3,4,2,4,2,2,2,4,4,4,4,2,2,3,2,2,2,2,2,4,4,3,3,4,2,3,2,4,2,4,2,2,3,2,3,2,3,3,4,4,4,4,3,4,4,2,3
stud30119@raqood-ai,GP2_Robot_Advanced,32,56,24,70,79,81,0.691,0,1,0,0,1,0,1,0,1,1,0,0,1,1,1,1,0,0,1,0,1,1,1,1,0,0,1,1,0,1,1,0,0,1,1,0,0,0,1,1,0,1,1,0,1,0,0,1,1,1,1,0,0,1,0,0,0,0,0,1,0,0,0,0,0,0,1,0,0,0,1,1,1,1,0,1,1,1,1,1,1,1,1,1,1,1,0,1,0,1,1,0,1,1,1,1,1,1,1,1,0,0,1,1,1,1,1,1,1,0,1,1,1,1,1,1,0,1,1,0,1,1,0,1,1,1,1,0,1,1,1,1,0,0,0,1,1,1,1,1,1,1,2,3,3,3,1,3,2,3,1,1,3,1,1,1,3,2,3,2,2,1,2,2,3,2,1,3,2,1,3,1,4,2,3,4,4,3,3,2,2,3,3,3,3,4,4,3,2,2,2,2,3,2,3,2,4,3,2,3,2,4,4,4,4,4,4,4,2,3,3,2,2,4,3,2,3,2,4,4,4,2,4,4,2,3,4,2,3,2,3,4,4,4
stud30225@raqood-ai,GP2_Robot_Advanced,26,52,26,81,82,72,0.722,1,1,0,0,0,0,0,0,1,0,0,0,0,1,0,1,1,1,0,0,0,0,0,1,1,0,0,1,0,0,0,1,1,0,1,0,1,0,1,0,1,1,0,0,0,0,1,0,0,1,1,0,0,1,0,0,0,0,1,0,0,1,0,1,1,0,0,0,1,0,1,0,1,0,1,1,1,1,1,0,1,1,1,1,0,1,1,1,1,1,1,0,1,1,0,1,1,1,1,1,0,1,0,1,1,0,1,1,1,1,0,1,1,1,1,0,0,0,1,0,1,1,1,1,1,0,1,1,1,1,1,1,1,1,0,1,0,0,1,1,3,2,2,3,3,1,3,2,1,1,3,3,1,1,1,1,3,2,2,2,3,3,3,1,3,3,2,1,1,3,2,3,3,4,4,3,2,2,3,4,2,3,2,3,3,4,4,4,2,4,3,4,2,4,4,2,4,3,3,4,2,2,2,2,2,2,2,4,2,3,3,4,3,4,2,3,3,4,3,4,4,3,2,4,4,2,2,3,4,4,3,3,3,3
stud30147@raqood-ai,GP2_Robot_Advanced,16,56,40,75,80,74,0.757,0,0,0,0,0,1,1,0,0,0,0,0,1,0,0,0,1,0,0,0,0,0,0,0,0,0,1,0,0,0,0,1,0,0,0,1,0,0,0,0,1,0,1,0,0,0,1,0,0,0,0,0,0,0,0,0,1,0,1,1,0,1,0,0,1,0,1,0,0,0,0,1,1,1,1,1,1,1,1,0,1,1,0,1,1,0,1,0,1,1,0,1,1,1,1,1,1,1,1,1,1,1,1,1,1,1,1,1,0,1,1,1,1,1,1,1,0,1,1,1,1,1,0,1,1,1,0,1,1,1,0,1,0,0,1,0,1,1,1,1,1,1,2,2,3,2,2,3,3,1,3,2,1,1,3,2,3,3,2,2,3,1,3,1,2,1,1,1,3,2,3,1,2,4,4,4,3,4,4,2,3,2,4,2,3,3,4,2,4,2,3,4,3,3,4,2,3,2,3,4,2,4,4,2,3,3,4,2,4,3,2,4,2,2,4,4,3,2,4,3,2,4,3,4,4,2,2,4,3,4,3,4,4,2
stud30121@raqood-ai,GP2_Robot_Advanced,31,58,27,75,87,76,0.763,0,1,1,0,1,0,0,0,0,1,0,0,0,1,1,1,1,1,1,0,1,0,0,1,1,0,0,1,1,0,0,0,0,1,0,0,1,1,0,1,0,0,1,0,0,1,0,0,0,1,0,0,1,0,1,0,1,1,1,0,0,1,1,1,1,0,0,0,0,0,1,1,0,1,0,1,1,1,1,1,1,0,1,0,1,1,1,0,1,1,1,1,1,1,1,1,1,0,0,1,1,1,1,1,1,1,0,1,1,0,1,1,1,1,1,1,1,1,1,1,1,0,1,1,1,1,1,1,1,1,1,1,0,1,1,1,0,1,1,1,3,3,3,3,2,1,2,1,1,2,1,1,3,2,1,1,3,2,3,2,3,2,2,1,3,1,3,2,3,2,1,1,4,2,4,2,4,3,3,4,2,3,4,2,2,2,4,4,2,3,4,4,3,2,3,3,2,3,3,3,4,2,4,2,4,3,4,2,2,4,2,3,2,2,4,3,4,2,4,4,3,2,3,2,2,3,2,4,2,3,2,2,2,3
stud30197@raqood-ai,GP2_Robot_Advanced,29,53,24,78,83,73,0.726,0,0,0,1,1,1,0,0,1,0,0,0,1,0,0,1,0,0,0,1,0,1,0,0,1,1,0,1,1,0,0,0,1,0,0,1,0,0,0,0,0,1,0,0,1,1,0,1,1,1,0,0,1,1,1,0,1,0,0,1,1,0,1,1,0,1,0,0,0,0,1,1,1,0,1,1,1,1,1,1,1,0,1,1,0,0,1,1,1,1,1,1,1,1,1,1,1,1,1,1,1,1,1,1,1,0,1,0,1,0,0,1,0,0,1,1,1,1,1,1,0,1,1,1,1,1,0,0,0,0,1,1,0,0,1,1,1,1,1,1,3,2,2,3,1,2,3,3,3,2,2,1,2,3,2,2,3,2,2,2,1,3,2,2,2,3,1,2,1,2,2,3,3,3,2,4,3,2,2,2,3,4,3,2,2,3,2,4,3,4,2,2,3,3,4,3,4,4,4,2,4,2,2,4,3,3,4,2,4,4,3,2,4,3,3,3,4,3,4,3,2,4,2,3,2,4,2,2,2,4,3,3,4,2
stud30229@raqood-ai,GP2_Robot_Advanced,33,58,25,72,79,80,0.725,0,0,1,1,0,1,0,0,0,0,1,0,1,0,0,1,1,0,1,1,0,1,1,1,1,0,0,1,1,0,0,1,0,0,1,1,0,0,1,0,0,1,0,0,1,0,0,0,0,1,0,0,1,0,1,1,0,0,0,1,0,1,0,0,1,1,1,1,1,1,1,1,0,1,1,0,1,1,1,1,0,1,1,1,0,1,1,0,1,1,1,1,1,1,1,1,1,1,0,1,0,0,0,0,1,1,1,0,1,1,1,1,1,1,1,1,1,1,1,1,1,1,1,1,1,1,0,1,1,1,1,1,1,1,1,1,1,1,1,1,3,1,2,3,2,3,3,3,1,1,3,2,3,1,1,3,2,2,1,2,1,2,1,2,2,1,1,1,1,2,2,1,2,4,2,4,2,3,2,2,3,3,4,2,3,2,3,4,4,4,2,3,3,4,3,3,2,4,3,4,2,2,2,2,4,2,3,4,2,4,4,4,3,2,3,4,4,4,3,4,3,2,3,2,4,4,4,2,3,2,4,4,2,3
stud30211@raqood-ai,GP2_Robot_Advanced,30,52,22,74,79,83,0.627,1,1,0,1,0,0,0,0,0,0,1,0,1,1,1,0,0,0,1,0,0,1,1,0,0,0,1,1,0,0,0,1,0,1,0,1,0,0,1,1,0,0,0,1,0,0,0,1,1,1,0,1,1,1,1,1,0,0,1,0,1,0,0,0,0,0,0,1,1,0,0,1,0,0,1,1,1,0,1,1,1,0,0,0,1,0,1,1,1,1,0,1,1,1,0,1,1,1,1,1,1,0,1,1,0,1,1,1,1,1,1,0,1,0,1,1,1,0,1,0,1,1,1,1,1,1,0,1,1,0,1,1,1,1,1,1,1,1,1,1,3,1,2,3,1,2,1,1,3,2,1,3,2,3,1,2,1,1,2,3,2,1,3,3,1,2,1,1,3,3,3,2,3,2,2,4,4,4,3,3,3,4,4,4,3,3,2,4,2,2,3,4,4,3,2,4,3,2,2,2,3,3,2,3,4,4,3,2,4,4,3,4,2,3,4,3,4,2,4,4,4,2,2,4,2,3,4,3,4,2,3,2,2,2
stud30221@raqood-ai,GP2_Robot_Advanced,29,55,26,70,80,71,0.775,0,0,1,0,0,0,0,0,0,1,0,0,1,0,0,0,1,1,0,0,0,1,1,1,1,0,1,0,1,0,1,1,0,0,0,1,0,0,1,0,1,0,0,1,0,1,1,0,0,1,0,1,1,0,0,0,0,0,0,1,0,1,1,0,1,0,1,1,0,1,1,0,1,1,1,1,1,0,1,1,1,0,1,1,1,1,1,1,1,0,1,1,0,1,1,1,1,1,1,1,1,1,1,1,1,1,0,1,0,0,1,1,0,1,1,1,1,0,0,1,1,1,1,1,1,1,1,1,1,0,1,1,1,1,0,0,1,1,1,0,3,2,1,3,2,2,2,1,2,2,3,1,3,1,2,3,3,3,1,1,3,2,2,2,3,3,1,2,1,1,1,1,3,3,2,4,3,4,3,2,3,2,2,4,2,2,2,2,3,3,4,4,3,2,3,3,3,2,2,2,3,2,3,2,4,4,4,4,2,2,4,3,4,4,4,4,3,3,3,2,3,2,2,2,3,4,3,4,4,2,4,2,2,4
stud30190@raqood-ai,GP2_Robot_Advanced,20,50,30,75,80,78,0.641,1,1,1,1,0,0,0,1,1,0,1,0,0,1,0,1,0,0,1,0,1,0,0,0,0,0,0,0,1,0,0,0,0,0,0,0,1,0,0,0,1,0,0,0,0,0,0,0,1,0,0,0,0,0,0,0,0,1,0,1,0,1,0,0,0,0,0,1,0,1,1,0,1,1,1,1,1,1,0,1,0,1,1,1,1,0,0,1,1,0,1,0,1,0,0,1,1,1,0,1,1,1,1,1,1,1,1,1,0,1,1,1,1,0,0,1,0,1,1,1,0,1,1,0,1,1,0,1,1,1,1,0,1,0,1,1,0,1,1,1,1,3,3,2,2,1,2,1,1,2,2,2,3,2,2,1,2,3,3,3,2,2,1,2,3,3,2,3,1,1,1,2,2,2,3,2,4,2,4,3,3,2,2,3,2,3,4,2,2,3,2,4,2,3,3,4,4,2,4,4,3,3,3,2,2,4,3,3,3,3,3,3,3,4,4,4,2,4,2,3,3,4,4,3,3,4,2,2,3,3,2,3,3,3
stud30153@raqood-ai,GP2_Robot_Advanced,23,55,32,81,81,74,0.743,1,1,0,0,0,0,1,1,0,0,0,0,0,0,1,0,1,1,1,1,1,0,0,0,1,0,0,1,1,1,0,1,0,0,0,0,0,1,0,0,0,0,0,0,0,0,0,0,1,1,0,0,1,0,1,0,1,0,0,0,0,0,1,0,0,0,1,0,0,0,1,0,1,1,0,1,1,1,1,0,1,1,1,1,1,1,0,1,1,1,1,1,0,1,1,1,0,1,0,0,1,1,1,0,1,1,1,1,1,1,1,0,0,1,1,0,1,0,1,1,1,1,1,1,1,0,1,1,1,1,1,1,1,1,1,1,1,1,0,1,2,1,3,2,3,3,3,2,3,3,2,3,2,1,3,1,3,3,3,2,3,3,2,1,2,3,1,1,2,1,1,2,3,4,4,2,2,3,4,3,3,4,2,2,4,2,4,3,2,2,2,4,3,2,4,2,2,2,4,2,4,3,3,4,4,3,2,4,3,3,2,4,2,3,4,3,4,3,2,2,4,2,2,4,3,2,3,4,2,4,3,2,3,4
stud30159@raqood-ai,GP2_Robot_Advanced,25,51,26,74,88,78,0.654,0,0,0,1,0,1,0,1,0,1,1,0,0,1,0,1,0,0,0,0,0,1,1,1,0,0,1,0,1,0,0,0,1,1,0,1,0,0,0,0,0,0,0,1,1,1,0,0,0,0,0,0,0,1,0,0,0,1,0,0,0,0,0,0,1,1,1,0,1,1,1,1,0,1,1,0,1,0,1,1,1,0,1,0,1,1,1,1,1,1,1,1,1,1,1,1,1,1,1,1,0,1,1,0,1,1,0,0,0,0,1,0,1,1,0,1,0,1,1,1,1,1,1,1,0,0,1,1,1,1,0,1,1,0,1,1,1,0,1,1,3,2,1,3,3,1,2,1,3,3,2,3,2,2,1,2,3,3,3,1,3,1,3,2,1,1,2,2,3,3,1,1,3,3,2,3,4,3,3,4,4,3,2,2,4,2,4,2,3,2,3,3,2,3,4,4,3,3,3,2,4,4,2,4,2,4,4,3,2,4,4,2,2,4,3,4,2,2,3,4,2,4,4,2,3,4,2,4,4,3,3,3,2,3
stud30215@raqood-ai,GP2_Robot_Advanced,34,56,22,79,84,84,0.667,0,1,1,1,0,1,1,1,0,1,0,0,0,1,0,1,1,0,1,1,0,1,1,1,1,0,0,0,1,1,0,1,0,0,0,1,0,0,1,1,0,1,0,1,1,1,1,0,0,0,0,0,1,0,0,1,0,1,0,0,0,1,1,1,0,1,0,0,0,0,1,1,1,1,1,1,1,1,1,1,1,0,1,1,1,1,1,1,1,1,1,1,1,1,0,1,1,0,1,0,1,0,1,1,1,1,1,1,1,0,1,0,1,1,1,1,1,1,1,1,1,0,0,0,1,1,1,1,0,1,1,0,1,0,1,1,1,1,1,0,3,3,2,2,1,2,3,2,2,1,2,3,2,2,1,2,1,3,3,1,1,1,3,2,3,3,3,1,2,3,2,1,2,4,4,2,4,4,4,4,3,3,4,3,3,2,3,3,4,2,4,4,2,4,2,2,4,3,2,4,3,3,4,2,2,4,4,4,3,3,4,4,2,2,3,3,3,3,4,3,2,2,4,4,3,2,4,3,2,2,3,2,3,3
stud30236@raqood-ai,GP2_Robot_Advanced,39,59,20,73,81,73,0.808,0,0,0,0,0,0,0,1,1,0,1,0,1,0,1,0,0,1,0,0,1,0,0,1,0,1,1,1,1,0,0,0,0,1,1,1,1,1,1,1,1,1,1,0,1,1,1,1,0,1,1,1,0,0,1,0,1,1,0,1,0,1,1,1,1,0,0,1,0,1,0,1,0,1,1,1,1,1,1,1,1,0,1,0,1,1,0,1,1,1,1,1,0,1,1,0,1,1,1,1,1,0,1,1,1,1,0,1,1,1,1,1,1,1,1,1,0,1,1,1,1,1,1,1,1,1,1,1,1,0,1,1,1,1,1,1,1,1,1,1,3,2,3,2,3,1,3,2,1,3,1,1,2,3,1,3,3,2,2,2,1,2,2,1,3,2,1,1,1,3,2,2,2,2,2,4,2,4,4,4,4,4,2,3,2,2,3,4,4,2,4,4,4,2,4,4,4,4,4,2,3,3,2,4,2,3,4,4,3,3,2,4,2,4,3,3,4,4,4,3,2,2,3,2,3,3,4,3,3,4,3,2,3,2
stud30284@raqood-ai,GP2_Robot_Advanced,28,61,33,76,80,75,0.813,0,0,0,0,0,1,1,1,1,1,0,0,0,1,1,0,0,0,1,0,0,0,1,0,1,0,1,0,0,0,1,0,1,0,0,1,0,1,1,0,0,1,1,0,1,1,0,1,0,1,0,0,0,1,0,0,1,0,0,0,0,1,1,0,0,0,0,0,1,1,1,1,1,1,1,1,1,1,0,1,1,1,1,1,1,1,1,1,1,1,1,1,1,1,1,1,1,1,1,1,1,1,0,1,1,1,1,0,1,1,1,1,1,1,0,1,1,1,1,0,1,1,0,1,1,1,1,1,0,0,1,1,1,1,0,1,1,1,1,1,3,2,1,2,3,1,2,3,2,1,1,3,1,1,3,1,1,1,1,3,1,1,3,2,1,2,1,3,1,2,3,1,2,4,3,4,4,2,4,2,3,4,2,3,3,4,3,2,2,2,4,4,3,3,4,2,2,3,2,3,2,2,4,4,2,4,4,2,2,3,4,4,4,3,3,4,2,3,2,2,3,3,4,4,3,2,2,4,3,3,3,3,4,2
stud30228@raqood-ai,GP2_Robot_Advanced,32,56,24,76,80,81,0.691,0,1,1,0,0,0,1,0,0,0,0,1,1,0,0,1,0,1,0,0,1,0,0,0,1,0,0,0,0,0,1,0,1,1,0,1,1,0,1,1,1,0,0,1,0,0,1,1,1,1,1,0,1,0,1,0,1,1,0,0,0,0,1,1,1,0,0,1,0,1,1,1,1,1,1,0,1,1,1,1,1,0,1,1,1,1,0,1,1,1,1,1,1,1,1,1,1,1,0,1,1,1,1,1,0,1,1,1,1,1,0,1,1,1,1,0,1,1,0,1,1,1,0,0,1,1,1,0,0,1,1,1,1,0,1,1,1,1,1,0,1,1,2,1,1,3,3,2,1,1,1,3,2,3,2,1,3,3,2,1,3,3,3,1,1,2,1,2,1,3,3,1,3,2,2,3,2,2,4,4,2,2,3,4,4,3,2,3,3,2,3,3,3,3,4,2,2,3,2,3,4,3,4,2,2,3,3,4,4,3,4,4,2,2,3,2,3,4,4,4,2,2,4,3,4,4,3,4,4,3,2,4,3,2
stud30226@raqood-ai,GP2_Robot_Advanced,27,55,28,74,83,81,0.679,0,0,0,1,1,0,1,1,1,0,0,0,0,1,0,1,0,1,0,1,0,1,0,0,1,0,1,0,0,1,0,0,0,0,0,0,1,0,0,1,1,0,1,1,0,1,0,1,0,0,0,0,1,0,0,1,0,0,0,0,0,0,1,0,1,1,0,1,0,1,1,1,1,1,1,0,0,1,1,0,1,1,0,1,0,0,1,1,0,1,1,0,1,0,1,1,1,0,1,1,1,1,1,1,1,1,1,1,1,1,1,1,1,1,1,1,1,1,1,1,1,1,1,1,1,0,1,1,1,1,0,0,1,1,1,1,1,0,1,0,3,1,3,3,1,1,1,3,1,3,3,2,1,2,2,3,1,1,1,3,3,1,2,3,3,1,2,1,3,1,3,1,4,3,4,4,3,4,2,3,2,3,4,2,2,2,2,4,3,3,3,4,4,2,4,2,4,3,3,3,4,3,2,3,3,4,3,4,3,2,4,3,4,4,2,2,2,2,2,3,4,4,3,3,3,2,3,2,4,3,4,3,3,3
stud30220@raqood-ai,GP2_Robot_Advanced,37,54,17,77,81,70,0.771,1,1,0,0,1,1,0,0,1,1,1,0,1,0,0,1,1,1,0,0,1,1,1,1,1,0,0,1,1,0,1,0,0,0,1,0,1,0,0,0,1,0,0,0,0,1,1,1,1,1,0,1,0,0,1,0,1,0,1,1,0,0,1,1,1,0,0,1,0,1,0,0,1,1,1,1,0,1,1,1,0,1,1,1,1,0,0,1,0,0,1,1,1,1,1,0,1,1,1,1,1,0,1,1,0,1,1,1,0,1,0,1,1,1,0,1,1,1,1,1,0,1,1,0,1,1,1,1,1,1,1,1,1,1,1,1,1,1,1,1,1,1,2,3,3,3,2,1,2,2,1,2,1,2,3,1,1,2,3,2,1,2,2,2,2,2,2,1,2,2,3,1,3,4,4,4,2,2,2,2,3,2,3,2,3,3,2,3,4,4,2,2,4,3,3,2,2,2,4,2,3,4,3,4,2,3,2,3,4,2,2,3,2,2,3,4,4,4,4,2,4,2,2,2,4,4,3,4,2,3,4,2,3,3
stud30219@raqood-ai,GP2_Robot_Advanced,30,50,20,78,78,76,0.658,1,0,1,1,1,1,0,0,1,0,1,1,1,0,1,1,0,0,0,0,1,1,0,1,0,0,0,1,1,0,0,0,1,0,0,1,0,0,0,0,0,1,0,0,0,0,1,0,0,0,0,1,0,1,0,0,1,0,1,0,1,0,1,1,1,1,0,0,1,0,0,1,0,1,1,1,0,0,0,1,1,0,0,1,1,0,1,1,1,1,1,1,1,1,1,1,0,1,1,1,1,1,1,1,1,1,0,1,1,1,1,0,1,0,1,0,1,1,1,0,1,1,0,1,1,1,1,0,1,1,0,1,0,1,1,1,1,1,0,0,3,3,2,3,2,1,2,2,2,3,3,3,3,3,2,2,2,2,1,1,3,2,2,1,2,2,1,1,3,1,2,2,4,3,3,2,3,3,3,2,4,2,2,4,4,2,2,4,2,2,2,4,3,4,2,2,3,3,2,2,3,2,3,3,2,2,2,3,2,4,3,4,3,4,3,2,3,4,2,4,3,3,2,2,3,3,2,2,2,2,3,2,2,4
stud30240@raqood-ai,GP2_Robot_Advanced,23,51,28,81,80,77,0.662,1,0,0,0,1,0,0,0,0,1,0,0,1,0,0,0,1,1,0,1,0,1,0,0,0,0,0,0,1,0,0,0,1,0,0,0,0,1,1,0,0,0,0,1,0,0,0,1,0,1,1,1,0,0,0,0,0,1,0,0,0,1,1,1,1,0,0,1,0,0,1,1,0,1,0,1,1,1,1,0,1,1,1,0,1,0,1,1,0,1,1,1,1,0,0,0,1,1,1,1,1,1,0,1,1,0,1,1,1,1,1,0,1,1,1,1,1,0,1,0,1,1,1,1,1,0,0,0,1,0,1,1,1,1,1,1,1,0,1,1,2,1,2,1,2,1,2,3,1,3,2,2,2,1,3,3,2,2,2,1,1,3,1,3,1,1,3,2,3,1,2,1,3,2,3,2,2,4,4,4,4,2,3,3,4,3,4,2,4,3,3,4,4,3,3,2,2,3,2,2,3,4,4,2,3,2,4,2,4,3,3,4,4,2,2,3,4,4,2,2,3,3,4,2,4,3,2,3,4,3,4,2,2,2
stud30201@raqood-ai,GP2_Robot_Advanced,22,57,35,73,93,75,0.76,0,0,0,0,0,1,0,0,1,1,0,1,0,0,1,1,0,1,0,0,0,1,0,0,1,1,0,0,0,1,0,0,0,1,0,1,0,1,1,0,1,0,0,0,0,0,0,1,0,0,1,0,0,0,0,0,0,0,0,1,0,0,1,1,1,0,0,0,0,0,1,1,1,1,1,1,1,0,1,1,1,1,1,1,1,1,1,1,0,1,1,1,0,1,1,0,0,1,0,1,1,0,1,0,1,1,1,1,1,1,1,1,1,1,0,1,1,1,1,1,1,1,1,1,0,1,1,1,1,1,1,1,0,1,0,1,0,1,1,1,3,1,1,1,1,3,1,1,3,3,2,2,3,1,3,2,1,3,3,2,2,2,1,1,1,1,2,3,3,1,1,2,3,2,3,2,4,3,4,3,3,3,4,3,2,3,4,4,4,2,4,3,3,4,3,4,4,4,2,3,4,2,2,4,3,2,4,4,2,2,2,2,3,3,2,2,2,3,2,3,4,2,3,2,2,4,3,2,2,4,3,4,4,3
stud30205@raqood-ai,GP2_Robot_Advanced,31,57,26,78,74,72,0.792,1,1,1,1,1,0,1,1,0,1,0,1,1,1,0,1,0,0,1,1,0,0,1,0,1,0,0,0,1,0,1,1,0,0,1,0,0,1,0,0,0,0,0,0,0,0,1,0,1,0,1,0,1,0,0,0,1,0,0,1,0,0,0,0,1,0,1,1,1,0,1,1,1,1,1,1,0,1,1,1,1,1,1,1,1,0,1,1,1,0,0,1,1,1,1,0,1,1,1,1,1,1,1,0,1,1,0,1,1,1,1,0,1,1,1,1,1,1,1,1,1,0,1,1,0,1,1,0,1,1,1,1,1,0,0,1,1,1,1,1,2,1,2,2,1,2,1,3,2,1,2,3,3,1,3,2,1,1,3,2,2,3,2,1,2,2,3,2,1,2,2,1,2,2,3,4,2,2,3,4,4,3,2,2,3,3,4,2,3,3,2,4,4,3,2,3,3,3,3,4,3,3,2,3,2,4,4,4,2,4,3,2,4,3,2,4,2,2,4,2,2,4,3,3,2,2,3,3,4,4,4,2,2,4
stud30164@raqood-ai,GP2_Robot_Advanced,29,53,24,81,88,73,0.726,0,0,0,0,1,0,0,1,0,1,0,0,1,0,1,0,0,1,1,0,1,0,0,1,0,0,0,1,0,0,0,1,0,1,0,1,0,1,1,1,0,1,1,1,0,0,1,0,0,0,1,1,0,1,1,0,0,1,1,1,0,0,0,0,1,0,1,0,0,0,1,1,1,1,0,1,1,1,1,1,1,1,1,0,1,1,1,1,1,1,1,1,1,1,1,0,0,1,1,1,1,1,0,1,0,0,0,0,1,1,0,1,1,1,1,1,1,1,0,1,0,1,0,0,1,1,0,0,1,1,1,1,1,1,1,1,0,1,1,1,2,2,2,2,3,1,3,2,1,2,3,2,2,2,3,2,2,2,2,1,1,2,2,1,2,1,1,1,3,1,3,3,3,3,4,4,3,2,4,3,4,2,3,2,2,4,4,2,3,3,4,3,2,4,2,4,3,2,4,2,2,3,3,4,2,3,3,3,4,3,3,2,3,4,3,4,3,3,2,4,2,4,2,3,2,3,2,2,4,2,3,4,2,3
stud30163@raqood-ai,GP2_Robot_Advanced,25,56,31,79,85,80,0.7,0,1,1,0,0,1,1,0,0,0,1,0,0,0,1,0,0,1,0,0,1,1,1,1,0,1,0,0,1,0,0,1,0,1,1,0,0,0,1,0,0,1,1,0,0,1,1,0,0,1,0,0,0,0,1,0,0,0,0,0,0,1,0,0,1,0,0,0,0,0,1,1,1,1,1,1,0,1,1,1,0,1,1,1,0,0,1,1,1,1,1,0,1,1,1,1,1,1,1,1,1,1,1,1,1,1,1,1,0,0,0,1,1,1,1,1,1,1,1,0,1,1,1,1,0,0,1,1,1,1,1,1,0,1,1,0,1,1,1,0,3,3,3,3,1,3,3,1,2,3,3,3,2,1,3,1,1,3,3,2,2,1,3,2,1,2,1,1,1,3,1,3,4,2,2,2,4,3,4,3,3,3,4,4,4,4,3,4,4,4,3,4,2,4,2,3,2,4,4,3,3,3,4,2,2,4,4,4,2,2,4,3,3,4,2,3,3,4,4,2,4,4,4,4,4,4,2,2,3,3,2,4,3,3
stud30188@raqood-ai,GP2_Robot_Advanced,28,61,33,82,74,77,0.792,0,1,0,1,0,1,1,0,1,1,0,1,0,1,0,0,0,1,0,0,0,0,0,0,1,1,0,1,0,0,0,0,0,0,1,1,0,0,0,0,1,0,1,0,1,0,1,0,1,0,0,0,0,0,0,1,0,0,1,0,0,0,1,1,0,1,1,1,1,1,1,1,1,1,1,0,1,1,1,1,0,1,1,1,1,1,1,1,1,1,1,1,1,1,0,0,1,1,1,1,1,1,1,1,1,1,1,1,0,1,0,1,1,0,1,1,1,1,1,1,1,1,1,1,1,0,1,1,1,1,1,1,1,1,0,1,1,1,1,1,3,2,2,3,3,1,2,2,2,3,3,2,1,1,1,1,1,1,2,1,1,2,2,1,1,2,3,3,3,1,2,3,3,4,2,4,2,3,4,3,3,4,2,3,4,3,3,4,2,3,4,3,3,4,2,4,2,2,2,4,3,3,4,3,4,3,2,2,2,4,2,4,4,3,2,2,3,4,2,3,2,3,4,2,4,3,2,2,3,4,2,2,3,3
stud30208@raqood-ai,GP2_Robot_Advanced,20,52,32,85,82,71,0.732,1,0,0,1,1,0,0,0,0,0,0,1,1,0,0,0,0,0,1,0,0,0,1,1,0,1,0,0,0,1,1,0,0,1,0,0,0,0,1,0,1,0,0,0,0,0,0,0,0,0,1,0,1,0,0,0,0,1,0,0,0,0,0,1,0,1,0,1,0,0,1,1,0,1,0,0,1,1,1,1,0,1,0,1,1,1,0,1,1,1,1,1,1,0,1,0,1,1,1,1,1,1,0,1,0,1,1,1,1,0,1,1,0,1,1,1,0,1,1,0,0,1,0,1,1,1,1,0,1,1,1,1,1,1,1,0,1,1,1,1,2,3,2,1,3,2,2,1,2,2,2,3,1,3,3,2,2,1,3,2,3,2,3,2,2,2,3,2,2,3,1,1,4,2,2,2,3,3,3,4,4,4,4,4,3,3,4,4,2,4,3,4,3,2,4,2,3,3,4,2,4,4,3,3,4,3,2,2,4,2,3,4,4,4,2,3,4,2,4,2,3,3,3,2,4,2,3,4,4,3,4,3,2,2
stud30157@raqood-ai,GP2_Robot_Advanced,32,52,20,74,86,73,0.712,0,0,0,1,1,1,0,1,0,0,0,0,0,1,1,1,1,0,1,0,0,0,1,0,0,0,0,0,1,1,0,1,0,1,0,0,1,1,1,1,0,0,0,0,1,1,1,0,1,0,1,1,0,1,1,0,0,0,0,0,1,0,0,1,1,1,1,0,1,0,0,1,1,1,1,1,1,1,0,1,1,1,0,1,1,1,1,0,1,0,1,0,1,1,0,1,0,1,1,1,1,1,0,1,0,1,1,1,1,1,0,1,0,1,1,1,1,1,1,1,1,0,1,1,1,0,1,1,1,0,1,1,0,1,1,1,1,1,0,0,3,2,3,3,3,1,2,3,2,2,1,1,3,1,1,1,3,2,1,2,2,2,1,3,2,3,2,1,2,3,3,1,3,3,2,2,4,2,4,4,4,3,4,4,2,4,2,4,2,3,3,3,3,3,4,4,3,4,2,2,2,3,2,3,2,2,4,2,3,3,3,4,4,4,4,4,4,2,2,3,3,3,4,4,2,4,2,2,4,4,3,4,2,2
stud30171@raqood-ai,GP2_Robot_Advanced,24,61,37,79,86,76,0.803,0,0,0,0,1,1,0,0,1,1,0,1,0,1,0,0,0,0,1,0,0,0,0,1,0,1,0,0,0,1,0,1,1,0,1,1,1,0,0,1,0,1,1,0,0,0,0,0,0,1,0,0,0,0,0,0,1,0,0,1,1,1,0,0,0,0,0,0,1,0,1,1,1,1,1,1,1,0,0,0,1,1,1,1,1,1,1,1,1,1,1,1,1,1,1,1,1,1,1,1,1,1,1,1,1,1,1,1,1,1,0,1,1,1,0,1,1,1,1,1,0,1,0,1,0,1,1,1,1,1,1,1,1,1,1,0,1,1,1,1,3,3,1,3,1,3,3,1,2,3,3,1,1,1,1,2,3,1,1,1,1,2,3,3,2,2,2,1,1,2,1,2,2,2,4,2,3,3,3,4,3,3,4,3,4,4,3,2,4,2,2,4,2,4,3,4,4,3,3,2,2,4,3,2,3,3,4,3,4,2,2,3,2,3,2,3,2,2,3,3,2,3,3,2,3,2,3,3,4,3,3,4,3,2
stud30217@raqood-ai,GP2_Robot_Advanced,26,53,27,73,82,77,0.688,1,0,0,1,1,0,1,0,0,0,1,0,1,1,0,0,1,1,1,1,0,0,1,0,0,0,1,0,0,0,1,0,1,0,1,1,1,0,0,0,1,0,0,0,1,1,0,0,1,0,0,0,0,0,1,0,0,0,0,0,0,0,0,1,0,0,0,0,1,1,0,1,1,1,1,0,0,1,1,1,1,1,1,1,1,1,0,0,1,1,1,1,0,1,1,1,1,1,1,1,1,1,1,1,1,1,1,0,1,1,1,0,0,1,0,1,0,1,1,1,1,0,1,0,0,0,1,0,1,1,1,1,0,1,1,1,1,1,1,1,2,3,1,2,1,3,1,3,1,2,2,1,2,1,1,2,1,2,1,2,3,2,2,1,2,2,1,2,2,2,2,3,3,3,4,3,3,3,2,3,4,3,4,2,4,3,3,2,4,4,3,2,4,3,3,4,4,4,2,4,2,3,3,3,2,4,2,4,3,3,2,3,2,2,2,4,4,2,4,3,4,3,4,3,2,4,4,4,4,2,3,4,2,4
stud30148@raqood-ai,GP2_Robot_Advanced,27,56,29,81,80,77,0.727,1,1,1,0,0,0,1,1,1,0,0,1,1,0,0,1,0,0,0,1,0,0,0,0,1,1,1,0,1,1,1,1,0,0,0,0,1,0,1,0,0,0,1,0,0,1,0,0,1,1,1,0,0,0,0,0,0,0,1,1,0,0,0,0,0,1,0,0,0,0,0,0,0,1,1,1,1,1,1,1,1,1,1,0,1,1,1,1,1,0,1,1,1,0,1,1,1,0,1,1,1,1,0,1,1,1,0,1,1,1,1,0,1,1,1,1,1,1,1,0,1,1,0,1,1,1,0,1,1,1,1,1,1,1,0,1,1,1,1,1,1,3,1,1,2,3,1,3,2,1,3,3,2,2,3,2,1,2,1,3,3,2,1,3,2,3,1,2,2,2,1,2,4,4,4,3,3,2,4,3,4,3,3,4,4,2,2,4,2,4,4,3,2,3,4,3,2,2,2,3,4,4,2,2,2,4,4,3,2,2,3,4,2,4,3,2,3,3,4,2,3,3,4,3,2,4,4,3,3,3,2,4,3,3
stud30243@raqood-ai,GP2_Robot_Advanced,28,56,28,77,80,71,0.789,0,1,1,0,0,1,0,1,0,0,1,0,1,1,0,1,0,0,0,0,0,0,0,1,1,0,0,1,1,0,0,1,0,0,0,1,1,1,0,0,0,1,0,0,1,1,1,0,1,0,0,1,0,1,1,0,0,0,0,0,0,0,1,0,1,1,0,1,0,0,1,1,1,0,1,0,1,1,1,1,1,1,1,1,1,1,1,1,1,0,1,0,1,1,0,1,1,0,0,1,1,0,0,0,1,1,1,1,1,1,1,0,1,1,1,1,1,1,1,0,1,1,1,0,1,1,1,1,1,1,1,1,0,1,1,1,1,1,1,1,2,2,2,1,1,3,1,3,3,2,2,2,1,3,2,3,3,1,3,3,3,2,2,2,3,2,2,3,2,2,3,1,2,2,4,2,4,4,4,3,4,2,2,3,2,4,3,2,2,2,2,4,3,3,2,2,3,4,4,4,2,4,3,2,2,2,2,3,3,3,3,3,4,4,2,2,3,4,4,4,2,2,2,2,4,4,4,4,3,2,3,4,2,3
stud30150@raqood-ai,GP2_Robot_Advanced,25,57,32,82,96,69,0.826,0,1,0,0,1,0,0,0,1,1,1,0,1,0,0,0,1,1,0,1,0,0,0,0,1,0,0,0,1,1,0,1,0,0,0,0,0,1,0,1,1,0,1,0,1,0,0,1,0,1,0,0,0,1,0,1,1,0,0,0,1,0,0,0,0,0,0,0,1,0,1,1,1,1,0,1,0,1,0,1,1,1,1,1,1,1,1,0,1,1,1,1,1,1,1,1,1,1,0,1,1,1,1,1,1,0,1,1,1,1,1,1,0,1,1,1,1,1,1,1,1,1,1,1,1,1,1,1,1,0,0,1,1,0,1,0,0,1,0,1,1,2,1,1,2,2,3,2,1,3,1,2,1,3,1,3,3,3,3,1,2,3,2,3,1,1,3,1,3,1,3,3,4,4,3,2,3,2,2,4,2,3,3,3,2,3,2,3,4,2,4,2,2,3,2,4,2,4,3,2,4,4,4,4,3,2,2,2,4,2,3,4,4,4,3,4,3,4,4,2,4,2,4,3,3,2,3,2,3,3,2,4,3,3
stud30251@raqood-ai,GP2_Robot_Advanced,28,53,25,72,78,78,0.679,1,0,1,0,0,1,0,0,0,1,0,1,1,1,0,0,0,1,1,0,1,1,0,0,0,0,0,0,0,1,0,0,0,1,0,1,0,0,0,0,0,0,0,0,1,1,0,0,0,1,0,0,1,0,1,0,0,1,0,1,1,1,1,0,0,1,1,1,1,0,0,1,1,0,1,1,0,1,1,1,1,0,1,0,0,1,1,1,1,1,1,1,1,1,1,1,1,1,1,1,1,1,1,0,1,0,1,0,1,1,1,1,0,1,1,0,1,0,1,0,1,1,1,1,1,1,1,0,1,0,1,0,1,1,1,0,1,1,1,1,2,1,2,2,2,3,2,2,1,2,3,3,2,2,1,2,1,2,1,3,1,2,1,3,3,1,2,3,2,2,3,1,2,2,2,4,2,4,2,4,3,3,4,2,2,2,3,2,2,4,3,3,2,2,3,3,3,3,2,4,2,3,2,3,2,3,3,2,3,3,2,2,2,2,2,2,2,4,3,2,4,2,2,4,4,3,2,3,3,2,2,4,2,2
stud30254@raqood-ai,GP2_Robot_Advanced,23,58,35,76,85,74,0.784,0,0,0,0,0,0,1,0,0,0,1,0,1,0,0,0,0,0,1,1,0,0,0,0,1,0,0,1,0,0,0,0,0,0,0,0,0,0,1,1,0,1,1,1,1,0,0,0,0,0,1,1,1,0,1,1,1,0,0,0,0,0,1,0,0,1,0,1,0,1,0,1,1,0,1,1,1,1,1,1,0,1,0,1,0,1,1,1,1,1,1,1,1,1,1,1,1,1,1,1,0,1,0,1,0,1,1,1,1,1,1,1,1,1,0,0,1,1,1,1,1,0,1,1,1,1,1,1,1,1,1,1,0,1,1,1,1,1,1,1,3,3,3,3,1,1,2,3,1,2,3,3,2,2,1,3,1,3,1,1,3,1,3,1,3,2,1,1,3,3,1,3,4,2,4,4,4,4,3,3,4,3,4,4,4,2,3,4,3,3,4,3,3,3,3,4,4,2,4,3,4,3,4,4,4,2,4,2,3,2,2,2,2,2,3,2,4,2,3,2,4,2,2,4,2,3,4,4,2,4,4,2,4,2
stud30301@raqood-ai,GP2_Robot_Advanced,32,54,22,73,83,72,0.75,0,1,0,0,0,0,0,1,0,0,1,1,0,0,1,1,1,1,1,0,0,1,1,0,0,0,0,1,1,0,1,0,1,0,0,0,1,0,0,1,0,1,0,1,1,0,0,1,0,0,1,0,1,0,1,0,1,1,1,1,0,1,0,0,0,1,0,1,0,1,0,0,1,1,1,1,1,0,1,1,1,1,1,0,0,0,1,1,1,1,1,1,1,1,1,1,1,1,0,0,1,1,1,1,1,1,1,1,1,1,1,0,1,1,1,1,0,0,1,1,1,1,0,1,1,1,1,1,1,0,1,0,1,1,0,1,0,1,1,1,2,1,3,2,1,1,1,1,1,3,3,1,2,1,1,2,2,2,2,1,3,1,3,3,3,1,2,2,3,2,2,2,2,2,3,4,4,4,4,2,2,3,4,2,3,2,4,4,3,2,4,4,2,3,4,3,3,3,4,4,3,3,4,4,2,4,2,2,2,2,2,4,4,2,3,3,4,3,2,2,3,2,4,4,4,3,3,4,2,2,4,4,2,4
stud30185@raqood-ai,GP2_Robot_Advanced,21,60,39,78,92,78,0.769,0,0,1,1,0,0,0,1,0,0,0,0,0,0,1,0,0,0,1,0,0,0,0,1,1,0,0,0,0,0,1,0,0,0,0,1,0,1,0,0,1,0,1,1,0,0,0,1,1,0,0,1,0,1,0,0,0,1,0,0,0,0,1,0,0,0,1,1,0,0,1,1,0,0,1,0,1,1,0,1,1,1,1,1,1,1,1,1,1,1,0,0,1,1,1,1,1,1,1,1,1,1,1,1,1,1,1,0,1,1,1,1,0,1,1,1,1,1,1,1,1,1,1,1,1,1,1,1,1,1,1,1,1,1,1,1,0,1,1,0,3,3,3,2,3,1,1,3,1,3,3,1,3,3,2,2,1,3,1,2,3,1,2,2,2,1,2,2,1,1,1,3,4,4,3,2,4,3,2,3,2,2,4,2,3,3,4,4,3,2,3,3,2,3,4,4,3,3,2,3,3,4,4,4,3,3,4,4,2,2,3,4,3,3,4,2,2,4,2,3,3,3,4,3,2,4,2,3,4,2,3,4,3,2
stud30085@raqood-ai,GP2_Robot_Advanced,29,60,31,76,78,73,0.822,0,0,0,0,0,0,0,0,0,0,1,0,0,0,0,1,0,0,1,0,1,0,1,0,1,0,0,1,1,0,1,0,1,0,1,1,0,0,1,0,0,1,0,1,0,0,1,0,0,1,0,0,0,1,1,0,1,1,1,0,1,1,0,0,0,1,1,1,1,1,1,1,1,1,1,1,1,1,1,1,1,0,1,1,1,1,1,1,1,1,1,1,0,1,1,1,1,0,1,1,1,1,1,1,0,0,0,1,1,1,1,1,1,1,1,1,1,0,1,1,1,1,0,1,1,1,1,1,1,1,0,1,1,1,1,1,1,0,1,1,2,3,2,3,2,2,1,1,3,1,2,3,2,2,1,1,1,1,1,2,1,1,3,1,2,2,2,3,3,1,3,1,3,2,4,2,4,3,4,3,4,2,4,3,4,3,3,4,2,2,2,3,4,2,2,2,4,3,4,3,4,4,4,4,4,2,2,3,2,2,4,3,2,3,2,4,3,3,4,2,2,2,2,4,3,4,4,4,3,2,4,3,2,3
stud30212@raqood-ai,GP2_Robot_Advanced,24,53,29,71,83,73,0.726,1,0,1,0,0,0,1,1,0,0,1,0,0,0,1,0,0,1,0,1,1,0,0,0,1,0,0,0,1,0,0,1,0,1,0,1,1,0,1,1,0,1,0,0,0,0,1,0,1,0,1,0,0,0,0,0,0,0,1,0,0,0,0,1,0,0,0,1,0,0,1,0,1,0,1,1,1,1,1,0,1,1,1,0,1,1,1,1,1,1,1,0,1,1,0,0,1,1,0,1,1,1,1,1,1,0,1,1,1,0,0,1,1,1,1,1,0,1,1,1,0,1,1,1,1,0,1,1,1,1,1,0,0,1,1,1,1,1,1,0,1,3,2,3,2,2,3,2,3,3,3,2,3,1,2,2,1,3,1,3,2,2,1,3,1,3,3,2,3,3,1,1,2,2,2,2,3,4,2,2,2,4,4,4,2,3,3,3,2,3,2,4,3,4,4,3,3,2,4,4,3,3,4,4,4,2,2,3,2,3,3,2,4,3,4,3,3,2,4,3,3,2,2,2,2,3,4,2,2,4,2,2,2,2
stud30241@raqood-ai,GP2_Robot_Advanced,26,60,34,70,93,74,0.811,0,1,0,0,1,0,0,1,0,1,0,0,1,1,0,0,0,1,0,1,0,1,1,1,1,0,0,0,0,0,0,0,0,0,1,1,1,0,1,1,0,0,0,1,0,0,1,0,0,0,1,0,1,0,0,1,0,0,1,0,0,0,0,0,0,0,1,1,0,1,1,1,1,0,1,1,1,1,1,1,0,1,1,1,0,1,1,1,1,1,1,1,1,1,1,1,1,1,1,1,1,1,1,1,1,1,1,0,1,1,1,1,1,1,1,0,1,1,1,1,1,1,1,0,1,1,0,0,1,0,1,1,1,1,1,1,0,1,1,1,3,3,3,3,1,1,3,2,1,1,1,3,3,2,1,3,2,3,1,3,2,2,1,3,2,1,1,1,1,2,1,1,4,3,3,4,4,4,4,4,4,2,3,3,4,4,2,2,4,3,4,3,2,4,4,3,3,4,4,4,4,2,3,3,4,3,4,4,3,4,2,2,2,2,3,4,4,4,2,3,2,2,2,4,3,3,4,3,3,2,4,4,4,4
stud30247@raqood-ai,GP2_Robot_Advanced,32,58,26,80,84,87,0.667,0,1,1,0,1,0,1,0,0,1,0,1,0,0,0,0,0,0,1,0,1,0,1,0,0,0,1,1,0,1,0,1,1,0,0,1,0,1,1,0,1,1,0,0,1,0,0,1,0,1,0,1,1,0,1,1,0,0,0,0,1,1,0,1,0,1,0,1,1,0,1,1,1,1,1,1,1,1,0,1,1,1,1,1,1,1,1,1,1,1,1,1,0,1,1,1,1,0,0,1,0,1,1,1,1,1,1,0,0,1,1,0,1,1,1,1,0,1,1,1,1,1,1,0,0,1,1,1,1,0,1,1,1,1,1,1,1,1,1,1,1,2,3,2,3,2,1,2,2,1,1,3,1,1,3,3,2,2,2,1,3,3,1,1,1,1,3,1,1,2,1,1,3,2,2,2,3,2,3,3,4,2,3,2,3,4,2,4,2,2,3,3,3,2,4,4,3,4,4,2,3,2,2,2,3,4,3,4,4,4,4,2,2,3,2,3,2,2,2,4,3,3,2,4,4,2,4,3,2,3,2,3,4,4
stud30259@raqood-ai,GP2_Robot_Advanced,27,55,28,76,94,67,0.821,0,0,0,0,0,0,0,1,0,1,0,0,0,1,1,0,1,0,1,0,0,0,0,1,0,0,1,0,0,0,0,1,0,0,0,1,1,1,0,1,1,1,1,0,1,1,0,0,0,1,1,0,0,0,0,1,0,1,0,0,1,1,1,1,1,0,0,0,0,0,1,1,1,1,1,0,1,0,1,1,1,1,1,1,1,0,1,1,1,1,1,1,1,1,1,0,1,1,1,1,1,0,1,0,1,1,1,1,1,0,1,1,1,1,1,1,1,0,1,0,1,0,1,1,0,1,1,1,1,1,1,1,0,1,0,0,1,0,1,1,1,2,2,3,3,3,3,3,3,1,1,1,1,2,1,3,1,2,1,2,1,1,1,1,2,3,3,1,3,1,1,2,2,4,4,2,4,4,2,4,4,4,4,4,2,3,2,2,3,2,2,4,2,4,3,3,2,4,3,2,3,3,4,4,3,3,2,3,2,4,3,2,4,4,2,4,4,4,3,3,3,4,3,2,3,3,2,3,2,4,4,2,4,4
stud30263@raqood-ai,GP2_Robot_Advanced,32,55,23,74,75,71,0.775,0,0,1,0,0,1,1,1,1,0,1,0,1,0,0,1,1,1,1,0,1,0,0,0,0,0,1,1,1,1,0,0,1,0,0,1,1,0,0,0,0,1,0,0,1,0,1,1,0,1,0,1,1,0,0,1,1,1,0,0,0,1,0,0,0,0,0,0,1,1,1,0,1,1,1,1,1,1,1,1,0,1,1,1,1,0,1,1,1,0,1,1,1,1,1,1,0,0,0,1,1,1,1,1,0,1,1,1,1,1,1,0,1,1,1,1,1,1,1,1,1,0,1,1,1,1,1,1,0,0,1,0,1,0,1,1,1,1,1,0,1,1,1,1,1,3,2,2,1,1,1,2,1,3,1,1,3,3,2,2,3,1,2,2,2,2,1,2,2,2,3,2,2,2,2,3,2,2,4,2,2,3,4,2,2,4,4,2,3,4,2,2,4,3,3,2,2,2,3,4,4,4,4,2,2,4,2,3,3,3,4,3,4,4,4,3,3,3,2,2,4,3,3,4,2,4,2,3,4,3,4,3,4,3
stud30269@raqood-ai,GP2_Robot_Advanced,22,55,33,79,87,77,0.714,0,1,0,0,0,1,0,0,1,0,1,0,0,1,0,0,0,0,1,0,0,0,0,1,0,0,0,0,1,1,0,0,0,1,0,0,0,0,1,1,0,1,1,0,1,0,0,0,0,0,0,0,1,0,1,0,1,1,0,0,0,0,1,0,0,0,1,0,1,0,1,1,1,0,1,1,1,0,1,0,1,0,1,1,1,1,1,0,1,0,1,1,1,1,0,1,0,1,1,1,1,1,1,1,1,1,0,1,1,1,1,0,1,0,1,1,1,1,1,1,1,1,0,1,1,0,1,1,1,0,1,1,1,1,1,1,1,1,0,1,3,3,1,2,2,2,1,2,2,1,2,1,1,1,3,2,1,2,3,3,1,1,3,2,3,1,1,1,3,3,2,3,3,2,2,4,3,4,4,3,3,3,4,4,2,4,3,4,4,4,3,4,3,3,4,3,2,3,3,3,4,3,2,4,4,2,2,3,2,4,3,2,2,2,2,2,2,4,2,4,3,3,3,4,3,3,3,4,4,3,3,3,4,4
stud30272@raqood-ai,GP2_Robot_Advanced,24,53,29,73,84,82,0.646,0,0,0,0,0,0,0,0,0,0,0,0,0,0,0,0,1,0,0,1,0,0,1,0,0,0,0,1,0,0,0,0,1,0,0,1,0,1,0,0,0,1,0,1,1,0,1,1,1,0,0,1,0,0,1,0,1,1,1,1,1,1,0,1,1,0,0,0,1,0,1,1,1,0,0,1,0,1,0,1,1,1,1,1,1,0,1,1,1,1,1,1,1,1,1,1,1,0,1,1,1,1,1,1,1,1,1,1,0,1,0,1,1,0,0,0,1,0,1,1,1,1,1,0,1,1,1,0,1,1,1,1,1,0,0,1,1,0,1,1,2,3,1,1,2,2,3,3,2,1,3,2,1,3,1,2,2,3,1,3,3,3,1,3,3,2,1,3,2,3,2,1,4,3,2,4,2,4,3,2,4,3,4,3,4,3,4,4,4,3,3,4,4,4,3,2,2,4,4,2,4,3,2,2,3,3,2,3,3,3,2,3,4,3,2,3,2,2,2,3,4,3,4,2,3,4,4,3,4,4,2,2,2,2
stud30213@raqood-ai,GP2_Robot_Advanced,23,63,40,74,89,73,0.863,1,1,1,0,0,0,1,1,1,1,1,0,0,0,0,0,0,0,0,0,0,0,0,0,0,0,0,0,1,0,0,0,1,0,0,1,0,0,0,0,1,1,1,1,0,1,1,0,0,0,1,0,1,0,0,0,1,0,0,0,0,1,1,0,0,0,1,0,0,0,1,1,1,1,1,1,1,1,0,1,1,1,1,0,1,1,1,1,1,1,1,1,1,1,1,1,1,0,1,1,1,1,1,1,1,0,1,1,1,1,1,1,1,1,1,1,1,1,1,0,1,1,1,1,0,1,1,1,1,1,1,1,1,1,1,1,1,1,0,1,3,3,1,2,3,1,3,2,1,1,1,1,1,1,1,2,1,1,1,2,2,2,1,2,3,3,2,2,2,2,1,1,3,3,3,3,2,3,3,4,3,3,3,3,2,3,2,2,4,3,2,3,2,3,4,3,3,2,4,3,3,2,2,4,2,3,4,4,3,2,2,3,3,3,3,4,4,3,4,2,3,3,4,3,4,3,2,2,4,3,3,2,4,2
stud30176@raqood-ai,GP2_Robot_Advanced,26,55,29,78,89,80,0.688,0,0,1,0,0,1,1,0,0,1,0,1,0,1,0,0,0,0,0,0,0,1,1,0,0,0,1,0,1,0,1,1,0,0,0,0,1,0,0,0,1,1,1,0,1,1,0,0,0,1,0,1,1,1,0,1,0,0,0,0,0,0,0,1,0,0,0,0,1,1,0,1,1,1,1,1,1,1,1,1,1,1,1,1,1,0,1,1,1,1,1,0,1,0,1,0,0,0,1,1,1,1,1,1,0,0,1,1,0,1,1,1,1,1,1,0,1,1,0,1,1,0,1,0,1,1,1,1,0,1,1,1,1,1,1,1,1,1,1,1,2,3,1,3,3,2,1,2,2,3,2,3,1,2,1,3,3,3,1,2,2,1,3,2,1,2,1,2,3,2,1,2,3,4,4,3,2,3,3,4,4,4,2,4,3,3,4,3,4,3,4,3,3,2,4,4,4,4,4,3,3,4,2,4,2,3,3,3,4,3,4,3,4,3,4,4,3,2,2,4,4,3,3,3,3,4,3,4,3,4,2,2,2,3
stud30255@raqood-ai,GP2_Robot_Advanced,30,59,29,76,86,72,0.819,1,0,0,0,0,0,0,1,1,1,0,1,0,0,1,0,1,1,0,0,0,1,0,1,1,0,0,0,0,0,0,0,1,1,0,1,0,1,0,0,0,1,0,1,1,0,1,0,0,0,1,0,1,0,1,1,0,1,1,1,1,0,0,1,0,0,1,0,1,0,1,1,1,1,1,1,0,0,1,1,1,1,0,1,0,1,0,1,1,1,1,1,1,1,1,1,1,1,1,1,1,1,1,1,1,1,0,1,1,1,1,0,1,1,1,1,1,0,1,1,1,1,0,1,1,1,1,1,1,1,1,1,1,1,1,1,0,0,1,1,2,1,3,2,3,3,3,1,1,1,2,1,1,2,1,3,1,3,1,2,1,1,2,3,2,1,3,2,3,3,1,2,2,2,3,2,3,4,3,4,3,3,4,3,3,3,3,3,4,4,3,3,4,4,2,3,2,2,4,4,4,3,3,4,2,4,4,2,2,3,3,4,2,2,3,4,3,4,4,2,2,4,3,2,2,3,4,3,2,3,4,2,4,4
stud30298@raqood-ai,GP2_Robot_Advanced,31,54,23,79,91,72,0.75,0,1,1,1,1,0,0,0,1,0,0,1,1,0,0,1,1,0,1,0,0,0,0,1,1,0,0,0,0,1,0,0,1,0,0,0,0,0,1,1,1,1,1,1,1,0,0,0,1,0,0,1,1,1,1,1,0,0,0,0,0,0,1,0,0,0,1,0,1,1,0,1,1,0,1,0,1,1,1,0,0,1,1,1,1,0,1,1,1,1,1,1,1,1,1,1,0,1,0,1,1,1,1,1,1,1,0,1,1,0,1,1,1,1,0,0,1,0,1,0,1,1,0,1,1,1,1,1,1,1,1,1,0,1,1,1,1,1,1,1,3,1,3,2,2,1,3,1,2,1,3,3,3,3,2,2,2,2,3,2,3,2,3,3,2,3,1,2,1,2,3,3,4,4,2,4,3,2,3,4,2,2,4,3,3,4,2,4,3,2,4,4,3,3,4,4,3,3,4,2,3,3,3,4,3,4,2,2,2,2,4,4,3,4,2,4,2,4,2,3,2,2,4,2,3,2,2,3,2,3,3,3,2,4
stud30167@raqood-ai,GP2_Robot_Advanced,32,58,26,79,86,75,0.773,1,0,0,0,0,0,1,0,0,1,1,1,0,1,0,0,0,0,1,1,0,1,1,0,0,1,0,1,1,1,1,0,1,1,0,1,0,0,0,0,0,0,1,1,1,0,1,1,0,1,1,1,0,0,0,0,1,1,0,1,1,0,0,0,1,0,0,0,0,1,1,1,0,1,1,1,1,1,1,1,1,1,1,0,0,1,1,1,1,1,1,1,1,1,1,0,1,1,0,0,1,0,1,1,1,1,1,1,1,1,1,0,0,1,1,0,1,1,1,1,1,1,0,1,1,1,1,1,1,1,1,1,1,1,1,1,1,1,1,0,3,2,1,1,3,3,1,2,2,2,2,1,1,2,1,2,1,1,3,3,2,1,3,2,3,3,3,3,1,3,1,2,2,4,4,2,4,4,2,3,2,2,3,4,4,2,2,3,2,2,2,4,3,2,2,4,3,4,3,3,2,2,2,2,2,3,2,4,3,3,2,3,3,2,2,3,3,3,2,2,2,4,4,3,2,3,4,2,4,3,4,3,4,3
stud30271@raqood-ai,GP2_Robot_Advanced,22,57,35,72,83,75,0.76,0,0,0,0,0,0,0,0,0,0,1,0,0,1,1,0,1,1,1,0,0,0,0,0,0,1,0,0,1,0,0,1,0,0,0,1,0,0,0,1,0,1,0,0,0,0,0,1,0,1,0,1,0,1,1,0,0,0,1,1,0,0,0,1,0,1,0,1,0,0,1,0,1,1,1,0,1,0,1,1,1,1,1,1,1,0,1,1,1,1,1,0,0,1,1,1,1,1,1,1,0,1,1,1,0,1,1,1,1,1,0,1,1,1,0,1,1,1,1,1,1,1,1,1,1,1,1,1,1,1,0,1,1,0,1,1,1,1,1,0,2,2,2,3,1,3,3,3,1,3,3,1,1,3,2,3,2,1,1,3,3,2,1,1,1,3,2,3,1,2,3,2,4,4,4,4,3,3,3,2,2,4,4,2,2,4,4,4,2,2,4,4,3,3,2,2,4,2,4,3,3,2,3,2,4,3,2,4,3,2,2,4,2,4,2,4,2,2,4,2,4,3,2,3,3,4,3,4,4,2,3,3,3,4
stud30193@raqood-ai,GP2_Robot_Advanced,28,56,28,74,81,74,0.757,1,0,0,0,0,1,0,0,1,0,0,0,0,1,0,1,1,1,0,1,1,0,1,1,0,0,0,1,0,0,1,0,0,0,0,0,1,0,0,1,1,1,0,0,1,1,0,0,1,0,1,0,1,1,1,0,0,1,1,0,0,0,0,0,1,0,0,0,1,0,1,0,1,1,0,1,1,1,1,0,1,1,1,0,0,1,0,1,1,1,1,1,1,1,1,1,1,1,1,0,1,1,1,1,1,1,1,0,1,0,1,1,1,0,1,1,1,1,1,1,1,1,1,1,1,0,1,1,0,0,1,1,1,1,1,1,1,0,1,1,1,1,2,1,1,1,1,1,2,1,1,1,3,3,1,2,3,2,3,2,2,3,3,2,2,1,2,1,2,2,3,1,2,3,3,4,3,4,2,3,3,3,4,2,3,2,4,4,4,3,3,4,4,4,3,4,4,4,4,2,2,4,4,2,3,4,3,4,3,2,4,2,4,4,3,3,4,3,3,4,3,2,2,3,3,3,3,2,4,2,3,2,3,4
stud30191@raqood-ai,GP2_Robot_Advanced,27,58,31,90,88,84,0.69,0,1,0,0,0,0,1,0,0,0,1,0,0,0,0,0,1,0,0,0,0,0,0,1,1,0,0,0,1,0,0,1,1,0,1,1,0,0,0,0,1,1,0,0,0,0,0,1,1,0,1,1,1,1,0,0,0,0,0,1,0,1,1,1,0,0,1,1,1,1,1,1,1,1,1,1,0,1,1,0,1,1,1,1,1,0,1,1,1,1,1,1,1,1,1,0,1,1,0,1,1,1,1,1,1,1,1,1,1,1,1,1,1,1,1,1,1,1,0,0,1,1,1,1,0,0,1,1,0,0,1,1,1,1,1,1,1,0,1,1,3,2,3,1,1,2,3,3,3,3,3,2,1,3,1,2,2,1,3,1,1,3,1,3,1,3,3,3,3,1,1,3,4,4,4,3,2,4,2,3,3,4,4,3,4,3,2,4,3,2,3,2,3,2,3,3,2,4,4,3,2,2,4,4,4,4,4,4,2,4,4,4,2,3,4,3,4,3,2,4,3,2,2,3,4,3,3,3,2,2,2,4,2,4
stud30168@raqood-ai,GP2_Robot_Advanced,22,55,33,82,83,75,0.733,1,0,1,0,0,0,0,0,1,0,1,0,0,1,1,0,0,0,1,1,0,0,0,0,0,0,0,1,1,0,0,0,0,1,0,1,0,0,0,1,0,0,1,0,0,0,0,1,1,1,0,0,0,0,0,0,1,0,1,0,1,0,0,0,1,0,0,0,1,0,1,1,0,1,1,1,1,1,1,1,1,1,1,1,0,1,0,1,1,1,1,1,1,0,1,1,1,1,0,1,1,0,1,1,0,0,1,1,1,1,1,1,1,1,1,1,1,0,1,1,1,0,1,1,1,0,1,1,1,0,0,1,1,1,0,1,1,0,1,1,1,2,3,2,2,2,2,1,2,2,3,2,2,1,3,1,3,2,2,2,3,2,2,3,1,2,3,1,3,3,2,2,3,3,2,2,2,4,2,2,3,2,3,4,4,2,4,2,4,4,4,2,4,2,4,2,3,2,3,2,2,4,3,3,2,4,2,4,3,2,4,3,4,3,3,3,3,2,3,2,3,2,3,4,4,2,4,4,2,4,3,3,4,2
stud30172@raqood-ai,GP2_Robot_Advanced,29,60,31,82,79,80,0.75,0,1,1,1,0,0,0,0,1,0,0,0,0,0,0,1,0,0,1,1,0,1,0,1,0,1,0,1,1,0,0,0,1,0,1,0,0,1,0,0,0,0,0,1,0,1,0,0,0,0,0,1,0,1,0,0,1,0,1,0,0,1,1,1,0,1,1,1,1,1,1,1,1,1,1,1,0,1,1,0,1,1,1,1,1,1,1,0,0,1,1,1,1,1,1,1,1,1,1,1,1,1,1,1,1,1,1,1,1,1,1,1,1,1,1,1,0,1,0,1,1,1,0,0,1,1,1,0,1,1,1,1,1,1,1,1,1,1,1,0,3,2,3,1,3,3,1,1,2,3,2,3,1,3,2,3,3,2,3,2,3,2,2,1,2,1,3,3,2,3,2,3,2,2,4,2,4,4,3,2,4,3,2,4,3,2,2,3,4,3,3,2,4,2,3,4,4,2,3,4,4,4,3,3,4,2,4,2,4,4,2,3,2,4,2,2,3,4,3,4,4,4,2,2,2,4,4,3,3,4,3,2,2,4
stud30230@raqood-ai,GP2_Robot_Advanced,30,50,20,89,81,76,0.658,0,0,0,1,1,0,0,0,0,0,0,0,1,0,0,1,1,1,0,1,1,1,1,0,0,0,0,0,0,0,0,1,1,1,0,0,0,1,1,1,0,1,0,1,1,0,0,1,0,1,1,0,1,1,0,0,0,0,0,1,1,0,0,0,1,1,0,1,0,1,1,0,1,1,1,1,1,1,1,1,1,1,0,1,1,0,1,1,1,1,0,0,0,1,1,0,1,0,1,1,1,1,1,1,0,1,1,1,1,0,0,1,1,1,1,0,1,1,1,1,1,1,0,1,1,1,1,1,1,0,1,0,0,1,0,0,0,1,0,1,2,3,3,1,2,3,1,1,1,1,2,3,3,3,2,1,3,1,1,1,2,1,3,2,1,1,2,3,3,2,1,3,3,2,3,3,3,2,4,4,3,3,2,3,4,2,3,2,4,2,3,3,4,2,4,3,2,2,4,3,4,3,4,3,3,3,4,3,2,2,4,3,3,3,3,4,2,3,2,3,3,4,3,4,2,4,2,4,4,3,4,4,2,2
stud30076@raqood-ai,GP2_Robot_Advanced,30,50,20,76,83,81,0.617,0,0,1,0,0,1,1,1,1,0,1,0,1,0,1,1,0,1,0,0,0,1,1,1,1,0,0,0,0,0,0,1,0,0,1,0,1,1,0,1,0,0,0,0,0,1,1,0,1,0,0,1,0,0,1,0,1,0,0,0,0,0,1,1,0,1,1,0,0,1,1,1,1,1,0,0,1,1,0,1,1,1,0,1,0,1,1,1,0,1,1,0,1,1,0,1,0,0,1,1,1,1,0,1,1,1,1,1,1,1,1,1,1,1,1,1,1,1,1,1,0,0,0,1,1,0,1,1,0,0,1,0,1,1,0,1,1,1,1,0,1,2,2,3,1,1,2,3,2,1,3,2,2,3,3,1,2,3,1,3,1,3,2,2,1,1,3,1,1,3,3,1,4,4,2,3,2,3,4,2,4,3,2,4,4,3,3,4,4,4,4,3,4,3,3,4,4,4,4,3,4,2,2,3,4,4,4,4,4,3,2,4,4,4,4,3,3,2,2,3,3,3,3,4,3,3,3,3,3,4,3,2,2,4
stud30154@raqood-ai,GP2_Robot_Advanced,38,55,17,83,74,90,0.611,1,1,0,0,0,1,1,0,1,1,1,1,0,0,0,0,0,1,0,1,0,1,0,0,1,1,1,0,1,1,1,0,1,1,1,1,0,1,1,0,1,0,0,1,0,0,1,1,1,0,1,1,0,1,1,1,0,0,0,0,1,1,0,1,0,0,0,1,1,0,1,1,1,1,0,1,1,1,0,1,1,1,1,1,1,1,1,1,1,1,1,1,1,1,1,1,1,1,1,0,0,1,1,1,1,1,0,0,1,0,1,1,1,1,1,1,0,0,1,0,0,1,1,1,0,1,1,1,1,1,1,0,1,1,1,1,1,0,0,1,3,3,1,3,2,3,3,3,2,1,2,2,2,3,1,2,2,2,3,1,1,3,3,2,2,1,1,1,1,2,2,3,2,4,4,4,4,2,2,3,4,4,3,2,4,2,2,4,4,4,2,2,2,3,3,2,3,4,3,4,2,4,3,2,3,4,4,3,4,4,3,4,2,4,3,2,3,2,2,4,4,4,4,3,4,2,4,3,2,4,3,3,2,3
stud30249@raqood-ai,GP2_Robot_Advanced,21,55,34,78,82,79,0.696,1,0,0,0,1,0,0,1,1,0,0,0,0,0,0,0,0,0,0,0,1,0,0,0,0,0,1,0,1,0,1,0,0,0,0,0,1,0,1,1,0,1,0,0,0,0,0,0,0,1,1,1,1,0,0,0,0,0,0,0,1,0,1,1,0,1,0,1,0,0,1,1,1,0,1,1,0,1,1,1,0,1,1,0,0,0,0,0,1,1,1,1,0,1,1,0,1,1,1,1,1,1,0,1,1,1,1,0,1,1,1,0,1,1,1,1,1,1,1,1,1,1,0,1,1,1,1,1,1,1,1,1,1,1,1,0,1,1,1,1,2,1,2,3,2,3,1,3,1,1,3,1,2,3,1,2,3,3,2,2,2,1,3,3,1,1,1,2,2,3,2,1,2,2,3,2,2,4,2,2,2,3,2,4,4,2,3,3,3,3,3,2,3,2,2,4,2,3,2,3,2,2,2,3,4,4,2,4,3,4,2,2,2,4,2,2,2,4,4,3,3,4,3,2,2,4,2,2,4,2,2,2,4,3
stud30207@raqood-ai,GP2_Robot_Advanced,26,56,30,80,80,77,0.727,0,0,0,0,0,0,0,1,1,1,1,0,1,1,0,0,0,0,0,1,0,1,0,0,0,1,0,0,0,1,0,0,1,1,0,0,0,0,1,1,0,0,1,1,0,0,0,0,0,1,0,0,1,0,0,1,0,0,1,1,1,0,0,1,1,1,1,0,0,0,1,1,1,1,0,0,1,1,1,0,1,1,0,1,0,1,1,1,1,0,1,1,1,1,0,1,1,0,0,1,0,1,1,1,1,1,1,1,1,1,1,1,1,1,1,1,1,1,1,1,1,1,1,1,1,1,1,1,0,1,1,1,0,0,1,1,0,1,1,1,3,3,2,3,2,1,3,1,1,2,2,2,2,3,1,1,3,1,3,1,2,1,1,1,3,2,2,1,3,2,1,2,3,3,3,4,3,4,2,3,2,3,4,2,4,4,2,3,4,2,2,4,4,2,3,2,3,2,4,4,4,2,4,2,2,3,4,2,3,4,3,2,2,4,3,2,4,4,2,3,4,3,3,3,3,2,3,2,4,2,3,2,3,3
stud30222@raqood-ai,GP2_Robot_Advanced,32,56,24,80,72,68,0.824,0,0,0,1,0,1,1,1,0,0,0,1,1,1,1,0,1,1,1,0,0,0,0,1,0,1,1,1,1,0,0,1,1,0,0,0,0,0,0,0,0,1,0,0,0,0,1,0,0,1,1,0,1,1,0,0,1,1,0,0,1,1,0,1,0,0,1,0,1,1,1,0,1,0,0,1,0,1,1,1,0,1,1,1,1,1,1,1,1,1,1,0,1,1,1,1,0,1,1,1,1,1,1,1,1,1,1,1,1,0,1,1,1,1,1,1,1,1,1,1,1,1,1,1,1,0,1,1,0,0,1,1,1,0,1,1,1,0,1,0,3,2,3,2,1,2,1,2,2,2,1,1,1,3,2,1,2,3,1,2,1,2,1,3,2,1,2,1,2,2,2,3,3,3,2,4,2,4,3,2,4,4,2,4,3,2,3,4,3,3,2,3,3,4,2,2,3,2,3,2,2,4,2,2,4,2,2,4,2,3,3,2,4,4,4,4,3,4,3,2,4,4,2,3,2,4,2,3,3,3,3,3,4,2
stud30202@raqood-ai,GP2_Robot_Advanced,32,58,26,85,80,81,0.716,1,0,1,0,1,0,1,0,0,0,0,0,0,0,0,0,0,1,1,1,0,0,1,1,0,0,0,1,0,0,1,1,0,0,1,0,1,1,1,1,0,0,0,1,1,1,1,1,1,1,0,1,0,0,1,0,1,1,0,0,0,1,1,1,0,0,1,0,0,0,1,1,1,1,0,1,1,1,1,1,1,0,1,1,0,1,1,1,1,1,1,1,1,1,0,1,1,1,0,1,1,0,1,1,1,1,1,1,1,1,1,1,1,1,1,0,1,1,1,0,1,1,1,0,1,0,1,1,1,0,1,1,1,1,1,0,1,1,1,1,3,3,3,2,2,3,1,3,1,1,2,1,3,1,3,2,3,2,3,1,1,3,2,1,3,1,3,3,2,2,1,1,4,2,3,2,2,4,4,4,3,3,4,2,4,2,4,4,2,4,3,3,2,3,2,2,2,4,2,2,2,2,4,3,2,3,3,3,4,3,3,4,2,2,4,2,2,2,4,3,2,2,4,3,4,4,2,2,3,3,4,3,3,2
stud30149@raqood-ai,GP2_Robot_Advanced,18,56,38,74,82,85,0.659,0,0,0,0,1,0,1,0,0,1,0,0,0,0,0,0,1,0,0,1,0,1,1,0,1,1,0,0,0,0,0,0,0,0,0,0,0,0,0,0,0,0,1,0,1,0,0,0,0,1,1,1,0,0,0,0,0,0,0,0,1,0,1,0,0,0,1,0,1,0,0,1,1,1,0,1,1,1,1,1,0,1,1,1,1,1,0,1,1,1,1,1,1,1,0,1,1,1,1,1,0,1,1,1,1,1,1,1,1,0,1,1,1,1,1,1,0,1,1,1,1,1,1,1,1,1,1,1,0,0,0,0,1,0,1,1,0,1,1,1,2,1,3,2,1,2,2,2,1,3,3,1,3,3,2,1,2,2,1,1,3,1,1,2,2,2,3,3,3,3,1,1,3,3,2,2,2,4,3,3,2,4,4,3,3,4,4,2,2,3,2,2,4,2,4,3,3,3,3,4,2,2,4,2,3,2,3,3,4,3,4,2,2,4,2,2,2,3,2,4,4,4,4,2,2,4,2,2,4,2,2,4,2,2
stud30282@raqood-ai,GP2_Robot_Advanced,28,49,21,79,80,69,0.71,0,0,0,0,1,0,0,1,0,1,0,0,0,1,1,0,1,1,0,0,1,1,0,0,1,0,0,0,0,1,0,1,1,0,0,1,1,0,0,1,1,1,0,0,1,0,0,1,0,0,1,0,0,1,0,0,0,0,0,0,1,1,0,1,1,0,0,1,0,1,1,1,0,0,1,1,1,1,1,0,1,1,1,1,1,0,0,1,1,0,1,1,0,1,1,1,0,1,1,1,1,0,0,1,1,0,0,1,0,1,1,0,1,1,0,1,1,0,0,1,1,1,1,1,0,1,1,1,1,1,1,1,0,0,1,1,0,1,1,1,3,1,3,3,3,1,1,2,2,3,3,2,2,3,2,1,1,1,1,2,1,2,1,1,1,2,1,3,1,1,1,3,4,4,3,4,2,2,4,3,4,4,2,4,2,2,2,2,2,3,2,4,2,2,3,2,2,3,4,4,4,2,2,4,4,3,3,3,2,4,2,3,4,4,3,4,3,4,4,2,2,4,3,3,3,3,3,4,3,3,2,4,4,2
stud30162@raqood-ai,GP2_Robot_Advanced,27,60,33,79,75,72,0.833,0,1,0,0,1,0,0,0,1,1,1,1,0,0,0,0,0,1,0,0,1,0,0,1,0,1,0,1,0,0,0,1,0,0,1,1,1,0,1,0,0,1,1,0,1,0,0,0,0,1,0,0,0,0,1,1,0,1,0,0,0,1,1,0,1,0,0,0,1,0,1,1,1,1,1,1,1,1,1,1,0,1,1,1,1,0,1,1,1,1,1,1,1,1,1,1,1,1,1,1,1,1,1,1,0,1,0,1,1,1,0,1,1,1,1,1,0,1,0,1,1,0,1,1,1,1,1,0,1,1,1,1,1,1,1,1,1,1,0,1,3,3,3,3,1,2,2,1,1,1,2,3,2,2,1,3,3,1,2,1,1,1,2,2,2,1,3,2,1,3,1,1,4,3,2,3,2,4,2,4,4,4,2,2,4,3,2,2,2,4,4,4,2,2,2,2,4,4,2,4,4,4,2,3,2,4,3,3,2,2,3,2,3,4,3,4,2,4,2,2,2,2,3,4,4,4,3,2,4,3,4,4,2,2
stud30143@raqood-ai,GP2_Robot_Advanced,23,51,28,81,84,77,0.662,0,0,1,0,0,1,1,1,0,1,1,1,0,0,0,0,1,0,0,0,0,0,0,0,1,1,1,0,0,0,0,0,0,0,0,1,0,1,0,1,1,1,1,0,0,0,1,0,0,1,0,1,0,1,1,0,0,1,0,0,0,0,0,0,0,0,0,0,0,0,1,1,1,1,0,1,0,0,1,0,1,1,1,1,1,1,1,1,1,0,1,1,1,1,1,0,0,1,1,1,1,0,1,1,1,1,1,1,1,1,0,1,0,1,1,0,1,1,0,1,1,0,1,1,0,0,1,0,1,1,1,0,1,1,1,0,1,0,1,1,3,3,3,3,1,1,2,3,3,2,3,3,1,1,1,1,2,3,3,1,1,2,2,3,1,2,3,2,1,3,3,2,3,3,3,3,2,2,3,4,4,2,4,2,4,2,3,2,4,2,3,4,2,2,3,3,2,3,4,3,4,4,4,4,4,2,4,2,4,2,3,2,3,2,2,3,2,4,3,4,3,3,2,3,3,3,4,3,3,3,4,4,2,3
stud30144@raqood-ai,GP2_Robot_Advanced,23,53,30,82,83,75,0.707,1,0,0,0,1,0,0,0,0,0,0,1,0,0,0,0,1,1,0,0,1,1,0,1,1,0,0,0,0,1,0,0,0,0,0,0,1,0,0,0,0,0,1,1,0,0,0,1,0,1,1,0,1,1,1,0,0,0,0,1,1,1,0,0,0,0,0,1,0,0,1,1,1,1,1,0,1,1,1,1,0,1,1,0,1,1,1,1,1,1,1,0,1,1,1,1,1,1,1,1,0,1,1,1,0,0,1,1,1,1,0,0,0,0,1,1,0,0,1,1,0,1,0,1,1,1,1,1,1,1,1,0,0,1,1,1,1,1,1,1,1,3,2,2,3,1,1,2,1,3,3,2,2,3,1,3,3,2,1,1,1,2,1,1,1,1,3,1,3,1,2,2,4,4,2,3,2,4,4,3,2,3,4,4,4,4,3,2,2,2,4,4,4,2,3,2,4,3,3,4,2,3,2,4,4,3,2,3,3,3,2,3,4,4,3,2,4,4,2,4,3,4,2,2,4,4,2,2,3,3,3,3,4,2
stud30216@raqood-ai,GP2_Robot_Advanced,28,58,30,79,85,83,0.699,0,1,1,1,1,1,0,0,1,0,0,0,0,1,0,0,1,0,1,0,1,0,0,0,1,1,0,0,1,0,1,0,1,0,0,1,0,1,0,0,1,0,0,0,0,1,0,0,1,0,0,1,0,0,0,0,0,1,0,0,1,0,1,1,1,0,0,1,0,1,1,1,1,1,1,1,1,1,0,0,0,1,1,0,1,1,1,1,1,1,1,1,1,1,1,1,1,0,1,1,0,1,0,1,1,1,1,0,1,1,0,1,1,1,0,1,1,1,1,1,1,0,1,1,1,1,1,1,1,1,1,1,1,1,1,1,1,0,1,1,3,3,3,2,2,3,1,1,1,3,1,3,1,2,1,2,1,1,3,2,3,2,2,2,1,1,1,2,2,2,3,2,3,2,3,4,4,4,4,4,2,3,4,2,2,3,4,4,4,2,4,4,3,2,2,2,2,4,3,2,2,4,2,2,3,4,2,4,4,3,4,2,4,2,4,2,3,2,2,2,4,2,4,3,3,3,3,2,4,2,3,3,2,2
stud30077@raqood-ai,GP1_Robot,27,57,30,77,85,74,0.77,1,0,0,0,1,1,0,0,1,0,0,1,1,0,0,0,0,0,1,1,1,0,0,0,1,1,1,0,0,0,0,1,1,1,0,1,0,0,1,0,1,0,0,1,0,0,1,1,1,0,0,0,0,1,1,0,0,1,0,0,1,0,1,0,0,0,0,0,0,0,0,1,1,1,1,1,1,1,1,1,1,1,1,0,1,1,1,0,1,1,1,1,1,1,1,0,1,0,0,1,1,1,1,1,0,1,1,1,0,1,1,1,1,1,1,1,1,1,1,1,1,1,1,0,1,1,1,0,1,1,0,0,1,1,1,1,0,1,1,1,1,3,2,3,3,2,2,2,3,2,2,1,2,3,2,1,3,2,2,2,2,3,3,2,2,1,2,3,3,3,3,2,2,4,2,4,4,4,2,3,2,4,4,3,2,3,4,2,2,2,2,3,4,2,3,4,4,4,4,4,4,4,4,3,2,3,2,3,4,3,3,3,3,3,2,3,4,2,4,2,3,3,4,3,2,3,3,4,2,3,4,4,2,2
stud30046@raqood-ai,GP1_Robot,31,60,29,73,81,73,0.822,1,0,0,0,0,0,1,0,0,1,1,0,0,1,0,0,1,1,0,0,1,0,1,0,0,0,1,1,1,1,0,1,0,0,0,1,0,0,1,1,0,0,0,1,1,0,0,1,1,0,1,0,0,0,0,1,0,1,1,0,0,0,0,1,1,0,1,1,1,1,1,0,1,1,1,1,1,0,1,1,1,1,1,1,1,1,1,1,1,1,1,1,1,1,1,0,1,1,1,1,1,1,1,0,1,1,1,1,1,1,1,1,1,1,1,1,1,1,1,0,1,1,1,1,1,0,0,1,1,0,1,1,0,1,1,0,1,1,1,1,1,2,3,3,2,1,3,2,3,2,3,1,2,1,2,1,3,2,2,3,1,2,1,2,1,1,3,3,3,3,2,2,4,4,2,3,4,2,3,3,2,4,2,4,3,2,4,3,2,4,4,2,4,2,2,2,2,3,3,2,3,3,4,3,2,2,3,3,2,4,2,2,3,3,3,2,3,2,2,3,2,2,2,3,2,3,2,3,2,2,3,2,3,3
stud30146@raqood-ai,GP1_Robot,24,56,32,74,79,69,0.812,0,1,1,0,0,0,0,0,0,0,1,1,0,1,0,0,1,1,0,0,0,0,0,1,0,1,0,0,0,1,0,1,0,0,0,1,1,0,1,0,0,0,0,0,0,0,1,0,1,0,1,0,1,0,1,0,0,0,0,0,0,1,0,0,1,0,0,1,1,1,0,1,1,0,1,1,1,0,0,1,1,1,1,0,1,1,1,1,1,1,1,0,0,1,1,1,1,1,1,1,1,1,1,1,1,1,1,1,1,1,1,1,1,1,1,1,0,1,0,1,1,1,1,1,0,1,0,0,1,1,1,1,1,0,1,0,1,1,1,1,1,3,1,1,3,2,3,1,2,3,2,1,3,2,1,1,3,2,1,1,3,3,1,3,1,1,1,2,2,3,1,3,3,3,2,2,2,2,4,2,2,4,3,4,4,4,3,3,2,2,2,3,3,2,4,2,4,3,3,3,3,2,3,4,4,2,2,2,4,4,2,2,2,4,3,4,3,4,3,2,3,2,4,3,3,2,3,4,2,2,2,4,4,4
stud30037@raqood-ai,GP1_Robot,17,59,42,80,87,72,0.819,1,0,0,0,0,0,0,1,1,0,0,1,1,0,0,0,0,1,0,0,1,0,0,1,0,0,0,0,0,1,0,0,0,0,0,0,0,0,0,0,1,0,1,0,0,1,0,0,0,0,0,0,0,0,0,1,0,0,0,0,1,0,0,0,0,0,0,1,1,1,1,1,1,1,1,1,1,0,1,1,1,1,1,1,1,0,1,1,1,1,1,1,0,1,1,1,1,1,1,1,1,1,1,1,0,1,1,0,1,1,1,1,1,1,1,1,1,1,1,1,0,1,0,1,1,1,1,1,1,0,1,0,1,1,0,0,1,1,1,1,3,2,3,1,1,3,2,2,3,3,3,3,2,3,1,1,2,1,3,2,3,1,1,2,3,2,3,3,3,2,2,2,2,3,3,3,3,4,3,4,2,2,3,2,3,3,4,3,4,2,3,2,3,2,2,3,3,3,3,3,3,3,2,2,2,3,2,4,4,2,3,3,3,4,3,4,2,3,3,2,2,3,2,3,3,4,2,4,4,2,3,2,3,2
stud30114@raqood-ai,GP1_Robot,32,49,17,80,80,80,0.612,0,1,1,1,1,1,1,0,0,1,0,0,1,0,0,1,0,1,0,0,0,1,1,1,1,1,1,0,1,0,1,1,1,1,0,0,0,1,0,0,1,0,0,0,0,0,0,0,1,0,1,0,0,0,0,0,1,0,1,0,1,0,0,1,0,1,1,0,0,1,0,1,1,1,1,1,1,1,0,0,0,1,1,0,0,1,1,1,0,1,0,0,0,1,1,1,1,1,1,1,1,1,1,1,1,1,1,1,0,1,1,1,0,1,1,1,1,1,1,0,1,1,1,1,0,1,1,1,0,0,0,1,1,0,0,0,1,1,0,1,2,2,1,1,3,3,1,1,1,2,1,3,3,3,1,3,2,3,2,2,2,3,3,2,1,1,2,2,3,2,2,2,2,4,2,4,2,4,3,3,3,4,4,3,3,3,3,3,4,4,2,2,2,2,3,3,4,4,2,4,4,4,2,3,4,3,2,4,2,4,2,3,2,2,2,2,3,3,2,3,3,3,3,2,4,2,2,2,2,2,4,4,4,2
stud30117@raqood-ai,GP1_Robot,27,54,27,71,85,78,0.692,1,0,1,0,0,1,1,1,1,1,0,1,0,1,1,0,0,1,0,1,0,0,0,0,1,0,0,0,0,0,0,1,0,0,0,0,1,1,0,0,0,0,1,1,0,0,1,1,1,1,0,0,0,0,0,0,1,1,0,1,0,0,0,0,0,0,1,1,0,0,1,1,1,0,0,0,1,1,1,1,1,1,1,1,1,0,0,1,1,1,1,0,1,1,0,1,1,1,1,1,1,1,1,1,1,1,1,1,1,0,1,1,1,1,1,1,0,0,0,0,1,0,1,1,1,1,0,1,1,1,1,1,1,0,1,1,1,1,1,0,1,2,2,1,2,2,3,1,3,2,1,2,2,1,2,2,1,3,3,3,1,2,3,3,3,2,1,1,1,1,3,2,4,4,3,2,2,2,3,2,4,4,4,4,2,2,2,2,4,2,3,4,4,4,4,3,3,4,4,4,2,3,3,3,3,3,4,3,3,3,2,3,4,2,2,2,4,2,4,4,3,4,2,4,2,2,3,4,4,2,2,3,2,3
stud30063@raqood-ai,GP1_Robot,34,51,17,79,82,82,0.622,0,0,1,0,0,0,0,1,1,1,1,0,0,0,1,0,1,0,0,1,1,1,0,0,0,0,1,0,0,1,0,1,0,1,0,1,1,0,1,0,1,0,0,1,0,0,0,1,0,0,0,1,0,0,1,0,1,1,1,1,1,0,1,1,1,1,1,1,1,0,1,1,1,1,1,1,0,1,0,1,1,1,1,1,0,1,1,1,0,1,1,1,0,1,1,1,0,1,1,1,1,1,0,1,1,1,1,0,1,1,0,1,1,1,1,1,1,0,0,1,0,1,1,0,0,1,0,1,0,1,1,1,1,0,1,1,0,0,1,1,2,3,3,1,1,1,1,2,3,3,2,1,1,2,1,3,2,1,1,3,3,3,3,3,1,2,3,3,3,1,3,3,3,2,2,3,2,3,3,4,3,3,2,4,3,3,4,2,4,3,4,2,4,3,4,2,3,2,4,3,2,4,3,2,2,2,3,3,3,4,4,4,2,4,2,3,4,3,3,3,4,2,3,4,4,4,4,3,2,2,4,4,2,3
stud30054@raqood-ai,GP1_Robot,28,53,25,77,85,78,0.679,0,1,1,1,1,1,0,0,1,0,0,0,1,0,1,0,1,1,1,0,0,0,0,1,0,1,1,1,0,0,1,0,1,0,0,0,1,0,0,0,0,0,0,0,1,0,1,0,0,1,0,0,0,1,0,1,1,0,1,0,0,0,0,1,0,1,0,1,0,0,1,1,1,0,1,1,1,1,0,0,1,0,1,0,1,1,1,1,0,1,0,1,1,1,1,0,0,0,1,1,0,1,1,1,1,1,1,0,1,1,1,1,1,1,1,0,0,1,0,1,1,1,1,1,1,1,1,1,0,1,1,1,1,0,1,1,1,1,1,1,3,1,1,3,2,1,3,1,1,2,3,2,2,3,2,1,2,3,2,2,1,3,3,2,2,2,2,3,2,2,1,1,4,3,3,3,3,3,4,4,4,2,4,4,2,2,4,2,4,4,4,3,2,3,2,2,3,4,3,3,2,4,4,2,2,2,4,4,3,4,3,3,2,4,3,4,2,2,2,3,3,4,2,2,3,4,2,4,2,2,3,4,3,3
stud30061@raqood-ai,GP1_Robot,30,57,27,75,84,74,0.77,0,0,1,0,0,0,1,0,1,1,1,0,0,1,0,1,0,0,1,1,0,0,1,0,1,0,0,0,0,1,0,1,0,1,1,0,1,1,0,0,0,0,1,1,0,1,0,1,0,1,1,1,1,1,0,0,1,0,0,1,1,1,0,0,0,0,0,0,0,0,0,1,0,0,1,1,1,1,0,1,1,1,0,1,1,1,1,1,1,1,1,1,1,1,1,1,1,1,1,1,1,1,1,1,1,1,1,1,1,1,1,1,0,1,1,0,0,1,1,1,1,0,0,1,1,1,1,0,1,1,1,1,0,1,1,1,1,1,1,0,2,2,1,2,2,3,2,2,3,3,3,2,3,2,3,3,2,2,3,2,2,1,2,2,2,1,2,2,3,2,2,2,4,2,2,2,3,3,3,2,3,4,2,4,3,3,3,4,3,2,3,3,3,4,4,3,2,2,3,4,4,3,2,3,2,4,3,4,3,3,4,3,2,3,4,3,3,4,3,3,3,2,4,2,4,4,2,3,3,4,4,4,3,3
stud30100@raqood-ai,GP1_Robot,31,52,21,79,83,83,0.627,0,1,1,1,0,0,1,0,1,0,1,0,0,0,1,1,0,1,0,0,0,1,1,0,0,0,0,1,1,1,0,1,1,1,1,0,1,0,1,1,0,0,1,1,1,0,0,0,0,0,0,0,0,1,0,1,1,0,0,0,0,1,0,0,0,0,1,1,0,1,1,1,1,1,1,1,1,0,1,1,1,1,1,1,1,1,1,0,1,0,1,1,0,1,1,0,0,1,1,0,0,1,1,1,0,1,1,0,1,1,1,1,0,1,1,1,1,1,1,0,1,1,1,1,1,1,0,1,1,0,0,1,0,0,0,1,1,1,1,1,1,3,2,2,3,3,2,3,3,3,2,3,3,1,3,3,1,3,3,2,3,1,2,2,1,2,3,1,3,1,1,1,2,3,2,3,4,3,4,4,3,4,4,4,2,3,2,3,4,3,4,2,4,4,4,4,3,2,2,4,3,4,4,3,4,3,3,4,3,2,3,2,2,2,2,4,4,2,3,4,4,2,2,4,3,4,4,2,2,4,2,3,4,2
stud30026@raqood-ai,GP1_Robot,33,60,27,77,87,76,0.789,0,1,0,1,0,0,1,1,1,0,0,1,1,1,1,0,1,0,0,0,1,0,0,0,1,1,0,0,1,0,1,0,0,1,1,0,0,0,0,0,1,1,1,0,1,1,0,1,1,1,1,0,1,0,1,0,1,0,1,0,1,1,1,0,0,0,0,0,0,0,1,0,1,1,1,1,1,1,0,1,1,1,1,0,1,1,1,1,1,0,1,1,1,1,1,1,1,1,0,1,1,1,1,1,0,1,1,1,1,1,1,1,1,1,1,1,1,0,1,1,1,1,1,1,1,1,1,1,1,1,1,0,1,0,1,1,0,1,1,1,1,3,1,3,2,3,2,1,3,2,2,2,1,3,1,2,3,1,2,1,1,2,2,1,3,1,1,2,2,2,1,3,2,3,4,2,3,2,3,4,3,2,3,3,4,4,4,2,3,3,3,4,3,4,4,2,4,4,3,4,3,2,2,2,4,2,4,4,4,2,3,4,2,3,4,2,2,4,4,2,4,3,3,4,3,2,2,4,4,3,4,3,2,3
stud30079@raqood-ai,GP1_Robot,29,52,23,76,81,69,0.754,1,0,0,0,0,1,0,1,0,0,0,0,1,0,1,0,0,1,0,0,1,1,1,1,1,0,1,0,1,0,1,0,0,0,1,0,0,0,1,1,0,1,0,0,0,1,1,0,1,0,1,1,0,1,0,0,0,0,0,0,0,1,1,1,1,0,0,1,0,0,1,1,0,1,1,1,1,1,0,1,1,0,1,0,1,1,1,1,1,0,1,1,1,0,0,0,0,1,1,1,1,0,1,1,0,1,0,1,1,1,0,1,1,1,1,1,0,1,1,1,1,1,0,0,1,1,1,1,1,1,1,1,1,1,0,1,0,1,1,1,1,2,1,2,1,1,3,1,2,1,3,2,1,2,1,3,2,3,1,2,1,1,3,3,1,3,3,3,2,2,1,3,3,4,3,2,2,2,2,2,3,2,3,4,4,2,4,4,2,4,3,2,2,2,3,3,4,2,4,2,4,4,3,2,2,2,3,3,2,2,3,4,4,2,4,2,3,3,3,4,3,2,3,3,2,3,4,4,2,4,3,4,4,4
stud30194@raqood-ai,GP2_Robot_Advanced,26,53,27,76,86,74,0.716,1,0,1,0,1,1,0,0,0,1,0,0,0,1,1,0,0,1,0,1,1,0,0,0,0,1,0,0,1,0,1,0,0,0,0,0,0,1,0,0,0,0,1,1,0,1,1,0,0,0,1,0,1,0,0,0,0,1,1,1,1,1,0,0,1,0,0,0,0,0,1,1,0,1,1,1,0,1,1,0,1,1,1,1,1,0,1,0,1,1,1,1,1,1,1,1,1,1,1,1,1,1,1,1,0,1,1,1,0,1,1,1,1,1,1,1,0,1,1,1,0,0,0,1,0,1,1,0,1,1,1,0,1,1,0,0,1,1,0,1,3,3,1,2,3,2,3,2,3,3,3,1,1,2,1,1,3,3,1,3,2,2,3,1,2,2,3,1,1,2,1,1,3,3,2,3,3,3,2,4,3,2,4,3,4,4,2,2,4,3,4,4,2,4,2,3,3,3,2,4,3,2,3,2,2,3,2,2,4,2,2,4,2,2,2,4,4,3,4,3,2,4,4,4,3,4,3,4,4,4,2,3,2,4
stud30047@raqood-ai,GP1_Robot,22,56,34,73,83,76,0.737,0,0,1,0,0,0,0,0,0,1,1,1,0,0,0,1,0,1,0,0,0,1,1,0,0,0,0,1,0,0,1,0,0,0,0,0,0,0,0,0,1,0,1,0,0,0,0,0,1,0,0,1,1,1,0,1,0,0,1,0,0,0,0,0,1,1,1,1,0,0,1,1,1,1,0,1,1,1,0,1,1,1,0,1,1,0,0,1,1,0,1,1,1,0,1,0,1,1,1,1,1,1,0,1,1,0,1,1,1,0,1,1,1,1,1,1,1,1,0,1,1,1,1,1,1,0,1,1,1,1,1,1,1,1,1,1,1,1,1,0,2,2,1,3,1,1,3,2,3,3,2,3,1,1,1,1,3,3,2,1,1,3,1,2,1,3,1,1,1,3,3,3,2,4,4,2,2,2,2,2,2,2,2,4,2,4,4,4,3,3,4,2,4,2,2,2,4,4,2,4,2,3,2,3,4,3,4,2,4,4,4,4,4,3,4,2,4,2,3,3,2,2,2,2,4,3,4,4,4,3,4,2,2,4
stud30081@raqood-ai,GP1_Robot,26,54,28,81,82,76,0.711,1,0,1,0,0,1,0,0,1,0,1,1,0,0,0,1,1,0,0,0,1,1,0,0,0,0,0,1,0,0,0,1,0,0,1,1,1,0,0,0,1,0,0,0,1,0,0,0,0,0,1,0,1,1,0,0,0,0,0,0,0,0,1,1,0,1,1,1,0,1,1,0,1,0,0,1,0,0,1,1,0,1,1,0,1,1,1,1,0,1,1,0,1,1,1,0,0,1,1,1,1,1,1,0,1,0,1,1,1,1,1,1,1,1,1,1,1,1,1,0,1,0,1,1,0,1,1,1,1,1,1,1,1,1,1,1,1,1,1,1,3,1,3,3,2,3,1,2,1,3,3,3,3,1,3,3,1,1,2,3,2,3,2,3,2,3,2,2,3,2,2,1,4,3,4,4,3,4,2,2,4,4,3,4,2,2,4,3,3,4,2,2,2,2,3,2,2,3,2,4,3,4,3,4,3,3,2,4,4,4,3,2,3,3,3,4,3,4,4,4,4,2,4,3,2,4,2,4,4,3,2,3,2,2
stud30014@raqood-ai,GP1_Robot,21,52,31,68,88,69,0.754,1,0,0,0,0,0,1,1,1,1,0,0,1,0,0,0,0,0,1,0,1,0,0,0,0,0,0,0,0,1,1,1,0,0,1,0,0,0,0,1,0,0,0,0,0,0,1,0,0,1,1,1,0,0,0,0,0,0,0,0,1,1,0,1,0,0,0,0,0,1,1,1,1,1,1,0,0,0,0,1,1,1,0,1,1,0,1,1,1,1,1,0,1,1,1,1,1,1,1,1,0,1,0,1,1,1,0,1,1,0,1,1,1,1,1,0,1,1,1,1,1,1,1,1,0,1,1,0,1,1,1,0,1,1,1,0,1,0,1,0,1,1,1,3,2,2,3,1,3,3,3,1,3,1,3,3,2,1,2,3,3,2,2,2,1,2,3,1,1,3,1,2,2,3,4,2,4,3,2,3,2,3,2,3,2,4,2,3,2,3,4,3,2,2,4,4,4,3,2,2,4,3,3,2,3,3,4,3,2,4,2,2,4,4,4,4,4,4,2,4,2,3,4,2,3,3,2,2,4,3,2,4,4,2
stud30083@raqood-ai,GP1_Robot,22,61,39,90,87,74,0.824,1,1,0,1,0,0,0,1,0,1,0,0,0,1,1,0,1,0,0,0,0,1,0,0,0,1,0,1,1,0,0,0,1,0,1,0,1,0,0,1,0,0,0,0,0,0,0,0,0,0,0,0,0,1,1,0,0,0,0,1,0,0,0,1,1,1,0,0,0,0,1,1,1,0,1,1,1,1,1,1,1,1,1,1,1,1,1,1,1,1,1,1,1,1,1,0,0,1,1,1,1,1,1,1,1,0,1,1,1,1,1,1,1,1,1,1,0,1,1,1,1,1,0,1,1,1,1,1,1,0,0,1,1,1,1,0,1,1,1,1,3,3,2,1,3,3,1,1,2,1,1,2,2,3,1,2,2,1,2,2,2,3,3,3,1,3,3,3,3,1,3,3,4,4,4,3,4,2,3,3,2,2,4,2,3,3,4,3,3,3,3,3,4,4,2,2,3,3,2,4,4,2,2,2,4,3,3,3,3,2,2,3,4,2,2,2,4,4,4,4,4,2,4,2,2,2,2,2,2,2,2,3,4,4
stud30049@raqood-ai,GP1_Robot,26,50,24,74,87,76,0.658,0,0,0,1,0,0,0,0,0,0,0,0,1,0,1,0,1,0,0,1,0,1,0,0,0,0,0,1,0,0,1,0,0,0,0,0,1,0,1,1,0,0,1,0,1,1,0,0,0,0,0,0,0,1,0,0,1,1,1,1,1,1,1,0,0,0,1,1,1,1,1,0,1,1,0,1,1,1,1,1,1,0,1,0,1,1,1,1,0,1,1,1,0,1,0,1,1,0,1,0,1,1,1,1,1,1,0,1,1,0,1,0,0,1,1,1,1,1,1,0,1,0,1,0,1,1,1,1,0,1,0,0,0,1,1,1,1,1,1,1,2,2,3,3,1,3,1,1,3,3,1,1,1,2,3,3,2,3,2,2,2,1,3,2,3,3,2,3,3,1,1,1,2,2,4,3,3,2,3,3,3,4,2,2,3,4,3,4,4,2,4,2,2,3,3,3,2,4,4,2,3,2,3,2,4,2,3,4,2,3,3,4,4,2,4,2,3,3,3,3,2,4,2,2,3,4,2,4,2,2,3,3,3,3
stud30044@raqood-ai,GP1_Robot,19,59,40,81,80,74,0.797,0,0,0,0,1,1,0,0,0,1,0,0,1,0,0,0,0,1,0,0,1,0,1,0,0,0,0,0,1,0,0,0,0,0,0,1,0,0,0,0,0,0,0,1,1,0,1,0,0,0,0,1,1,0,0,0,1,0,0,0,0,1,1,0,0,1,0,0,0,1,1,1,1,1,1,0,1,1,1,1,1,0,0,1,1,1,1,1,1,1,1,1,0,1,1,1,1,0,1,1,0,1,1,1,1,0,1,0,1,1,0,1,1,1,1,1,1,1,1,1,1,1,1,1,0,1,1,0,1,1,1,1,1,1,1,1,1,1,1,1,1,2,3,3,3,3,1,3,3,1,3,3,2,2,1,3,3,3,3,2,1,3,3,2,2,2,2,2,2,3,3,1,2,4,2,2,4,3,4,3,2,4,2,3,4,4,4,2,2,3,4,4,4,3,2,2,3,3,4,4,4,4,2,2,2,2,3,4,4,3,2,2,4,4,3,3,2,3,2,4,3,2,3,2,3,3,2,2,2,2,2,4,4,3
stud30039@raqood-ai,GP1_Robot,25,52,27,79,86,75,0.693,1,1,0,0,1,0,0,0,0,1,1,0,0,0,1,0,0,0,0,1,0,1,0,1,1,0,1,1,0,0,1,1,1,0,0,0,1,0,0,1,1,0,0,0,0,0,0,1,0,0,0,1,0,0,1,0,0,1,0,0,0,0,0,0,0,1,0,1,0,1,1,1,1,0,0,0,0,1,1,0,1,1,1,1,1,1,1,1,1,1,1,1,0,1,1,1,0,1,1,1,1,1,0,1,0,1,1,0,0,1,0,1,1,1,1,0,1,1,1,1,0,1,1,1,1,1,1,1,0,1,1,1,1,0,1,1,1,0,1,0,2,2,3,1,2,2,3,1,2,2,1,2,1,2,3,1,2,1,3,2,1,2,2,2,1,1,1,3,1,2,3,3,4,4,3,2,2,4,2,2,3,4,3,2,3,4,4,4,4,3,3,4,4,2,4,3,3,3,4,2,3,4,2,3,3,4,4,3,3,2,2,2,2,4,2,4,2,2,4,4,3,4,3,2,2,3,2,2,3,4,3,3,2,4
stud30060@raqood-ai,GP1_Robot,26,54,28,83,73,74,0.73,1,0,1,0,0,0,1,1,0,0,0,0,0,0,0,0,1,0,1,0,0,0,0,0,1,0,1,1,0,1,0,0,1,0,0,1,0,0,0,0,0,1,0,1,0,1,0,0,1,1,1,1,0,1,0,0,0,0,0,1,0,1,0,1,1,1,0,0,0,1,1,1,1,1,1,1,0,1,0,1,1,1,1,0,1,1,1,1,1,1,1,1,1,1,1,1,1,1,0,1,1,0,0,1,1,1,1,1,0,1,0,1,1,0,0,1,0,0,1,1,1,1,1,0,1,1,0,1,1,0,1,1,1,1,1,0,1,1,1,1,3,1,2,2,2,3,2,2,1,3,2,1,3,3,3,2,2,1,3,1,2,1,3,1,1,3,3,1,2,3,1,1,2,2,2,4,2,4,4,3,4,3,2,4,3,2,2,4,4,2,4,3,4,3,2,2,2,2,2,2,4,3,4,2,4,3,3,3,2,4,4,3,4,4,2,2,4,2,4,2,3,2,2,4,2,2,4,2,4,2,2,4,4,3
stud30137@raqood-ai,GP1_Robot,29,56,27,80,84,75,0.747,0,1,0,0,1,1,1,1,1,1,0,1,1,0,0,0,1,1,0,0,1,0,0,1,1,1,1,1,0,1,0,0,0,1,1,1,1,0,0,1,0,0,0,1,0,1,0,1,1,1,0,0,0,0,0,0,0,0,0,0,0,0,0,0,0,0,0,0,0,1,1,1,1,1,1,1,1,0,1,1,0,1,1,1,1,1,1,0,1,0,1,1,1,1,1,0,0,1,1,1,1,1,1,1,0,0,1,1,1,1,1,1,1,1,1,1,1,1,1,0,0,0,1,0,1,0,1,1,1,1,1,0,1,1,1,1,1,1,1,1,1,1,2,3,2,2,2,2,2,2,2,1,2,3,3,3,3,2,3,1,3,1,3,3,1,2,1,1,3,1,3,3,2,4,2,2,2,3,4,3,2,3,4,3,3,4,3,3,3,2,2,4,2,4,3,2,4,2,4,2,4,2,4,2,3,2,2,4,3,2,4,3,4,2,3,2,3,4,4,3,3,2,4,2,4,3,2,2,3,2,3,3,4,2
stud30126@raqood-ai,GP1_Robot,24,62,38,86,85,81,0.765,1,1,1,1,0,1,0,1,0,0,1,0,1,0,0,1,0,1,0,1,1,0,1,0,1,0,0,0,0,0,0,0,0,1,1,0,0,0,1,1,0,1,0,0,0,1,0,0,0,0,0,0,1,0,1,1,1,0,0,0,0,0,0,0,0,0,0,0,0,0,1,1,1,1,1,1,0,0,1,1,1,1,1,0,1,1,1,1,1,1,1,1,1,1,1,1,1,0,1,1,1,1,1,1,1,1,1,1,1,1,0,1,1,1,1,1,1,1,1,1,0,0,1,1,1,1,1,1,1,1,1,1,1,1,1,1,1,1,1,0,1,3,3,3,1,2,1,3,1,1,3,3,3,3,3,1,3,1,1,1,1,2,2,1,2,3,1,3,2,1,3,3,3,4,4,3,3,2,3,2,2,3,3,4,4,3,2,3,3,4,4,2,2,2,4,4,2,3,4,4,2,4,4,4,3,4,4,3,2,4,2,4,3,2,2,2,2,4,2,2,2,3,4,4,4,4,3,2,3,4,4,4,3,4
stud30067@raqood-ai,GP1_Robot,31,53,22,73,86,71,0.746,1,1,1,0,0,0,0,1,1,1,0,0,1,1,0,1,1,1,1,0,0,1,1,0,0,0,0,1,0,1,1,0,1,1,0,1,0,0,0,1,0,0,0,0,0,0,0,0,1,0,0,0,1,1,0,0,0,1,0,1,1,1,1,0,0,0,1,0,0,1,1,1,1,1,1,1,0,1,1,0,1,1,1,1,0,1,1,1,1,0,1,1,1,1,1,1,1,1,1,0,1,1,0,1,1,0,0,1,1,0,1,1,1,1,1,0,1,1,0,1,1,0,0,1,1,1,1,1,1,1,0,1,1,1,0,1,1,0,1,0,1,1,2,2,3,3,1,1,3,1,3,1,2,2,1,2,1,1,2,2,3,1,2,2,2,3,1,3,2,2,2,2,3,4,3,2,4,3,4,4,3,4,2,2,3,4,4,3,3,4,3,3,3,2,4,2,2,3,2,3,4,2,3,4,2,2,3,2,2,3,2,3,4,3,3,3,3,2,3,4,2,4,2,4,2,4,2,3,4,2,2,3,3,4
stud30235@raqood-ai,GP1_Robot,28,56,28,70,79,75,0.747,1,1,1,0,1,0,0,0,0,1,1,0,0,1,0,0,0,0,1,1,1,1,0,0,1,1,0,0,1,1,0,1,0,0,0,0,0,1,0,1,0,0,0,0,1,0,0,0,0,1,1,0,0,0,0,1,0,1,0,1,0,1,0,0,0,0,1,0,1,1,1,1,0,1,1,1,1,1,1,1,1,0,1,0,1,1,1,1,0,1,0,1,1,1,1,1,0,1,0,1,1,1,1,0,1,0,0,1,1,1,0,1,1,1,1,1,1,1,1,1,1,1,1,1,1,1,0,1,1,1,0,1,1,1,1,1,0,1,1,1,3,2,1,2,2,2,2,1,3,1,3,1,2,2,1,3,1,2,1,2,2,1,1,2,1,3,2,2,2,3,2,1,3,2,3,4,3,3,3,2,2,3,4,3,2,2,3,4,4,2,2,3,4,4,2,2,4,4,4,4,2,3,2,2,3,2,3,4,4,2,3,3,4,3,4,2,2,3,3,4,3,2,2,2,3,4,3,4,2,4,3,2,4,2
stud30102@raqood-ai,GP1_Robot,31,49,18,76,70,82,0.598,1,1,1,0,1,1,1,0,1,0,1,1,0,0,0,1,0,0,1,1,1,1,0,0,0,0,1,1,0,1,1,1,0,1,0,0,0,1,1,0,0,0,0,0,0,1,0,0,1,1,0,0,1,1,0,0,0,0,0,0,0,1,0,0,0,1,0,0,1,1,1,0,0,1,1,1,1,0,1,0,1,1,0,0,0,1,0,1,1,1,1,0,0,1,0,1,1,0,0,1,1,0,1,1,1,1,1,0,1,1,0,1,1,1,1,1,0,1,1,1,1,1,1,1,1,1,0,1,0,0,1,1,0,1,1,1,1,1,1,1,1,1,2,2,2,2,1,3,1,2,3,1,1,1,1,1,3,2,1,1,3,1,1,3,3,1,3,1,2,3,3,3,2,2,3,4,2,3,4,3,3,4,2,3,4,3,2,2,2,3,4,3,3,4,2,3,2,2,2,3,2,4,4,2,4,2,2,4,4,3,4,3,3,2,3,2,3,4,3,3,4,2,2,4,2,4,2,3,3,2,2,2,2,3
stud30088@raqood-ai,GP1_Robot,24,58,34,85,86,76,0.763,1,0,0,0,0,0,1,0,0,1,0,0,0,1,1,1,0,1,1,1,0,0,1,1,1,0,1,0,0,1,0,1,0,0,0,0,0,1,0,0,0,0,1,0,0,0,0,0,0,1,1,1,0,0,1,0,0,0,0,0,0,0,0,0,1,1,0,1,0,0,1,1,1,1,1,0,1,1,0,1,1,1,1,0,0,1,1,1,1,1,1,1,1,1,1,1,1,1,1,0,1,1,1,1,1,0,1,1,1,1,1,0,0,0,1,1,1,1,1,1,1,1,1,1,1,1,1,1,0,1,0,1,1,1,1,1,1,0,1,1,1,1,3,2,2,2,2,3,1,1,2,2,2,2,3,2,2,1,3,3,2,3,2,2,2,3,3,2,3,2,1,1,4,3,3,3,2,4,4,2,4,4,4,3,3,2,4,3,4,3,4,3,3,2,4,4,3,4,2,3,4,4,2,4,2,4,4,4,2,3,2,2,2,2,4,3,3,4,3,2,4,2,2,4,3,4,3,4,3,3,2,3,3,2
stud30072@raqood-ai,GP1_Robot,37,60,23,75,80,76,0.789,0,1,1,0,0,1,0,0,1,1,1,0,1,0,0,1,1,1,0,0,1,1,1,1,0,0,1,0,1,0,1,1,1,1,1,1,0,0,1,0,1,1,0,0,1,0,0,0,1,0,1,0,0,1,0,0,1,1,0,1,0,0,1,1,1,0,1,0,1,0,1,0,1,1,1,1,1,1,1,1,0,1,1,1,1,1,1,1,1,1,1,1,1,1,1,1,1,1,1,1,1,1,1,0,0,0,0,1,0,1,1,1,0,1,1,1,1,1,1,1,1,1,1,1,1,1,1,1,1,1,1,1,1,1,0,1,1,1,0,1,2,2,3,2,1,2,2,1,2,1,3,1,3,1,3,1,1,1,1,1,3,3,2,2,3,2,2,3,1,2,1,2,3,4,2,3,3,4,4,2,4,4,3,4,2,2,2,2,3,4,3,2,4,4,2,2,2,3,3,4,3,3,2,3,4,4,2,4,3,3,4,3,4,2,4,4,4,4,2,2,4,3,4,3,4,2,2,4,2,3,4,2,4,2
stud30030@raqood-ai,GP1_Robot,29,58,29,71,87,77,0.753,1,0,1,0,1,0,0,1,1,1,1,1,1,0,0,0,0,0,1,0,1,0,1,1,1,0,0,1,0,1,1,0,1,0,1,0,1,1,0,1,1,0,0,1,0,0,0,0,0,0,0,0,0,0,0,0,0,0,0,0,0,1,1,0,1,1,0,1,0,0,1,1,1,1,1,1,1,1,1,1,1,1,1,0,0,1,1,1,1,1,1,1,1,1,1,0,0,1,1,1,0,1,1,1,1,1,1,1,1,1,1,1,1,1,1,1,1,1,1,1,1,1,1,0,1,1,1,1,0,1,0,1,1,0,1,0,0,1,1,0,1,1,1,1,2,1,3,1,1,3,3,3,1,1,3,3,2,1,3,3,2,2,1,3,3,3,1,2,2,3,3,1,4,3,4,2,3,3,3,2,2,2,4,3,4,2,3,2,3,4,4,2,2,2,4,4,2,3,2,4,3,4,3,2,3,3,2,3,2,4,3,2,4,2,4,4,2,2,2,4,4,4,2,4,2,2,4,3,3,3,2,3,3,4
stud30090@raqood-ai,GP1_Robot,32,55,23,77,81,75,0.733,0,1,0,0,0,0,0,1,0,0,0,1,1,1,0,0,1,0,0,1,1,0,0,1,0,0,0,0,1,0,0,1,0,0,1,0,0,0,1,0,1,1,1,1,0,0,1,1,0,0,0,1,0,1,0,1,0,1,1,1,1,0,0,1,0,1,1,1,1,1,1,1,1,0,0,1,0,0,1,1,1,1,1,1,1,1,1,1,1,1,1,1,1,0,1,1,1,1,0,1,0,1,1,1,0,1,1,1,0,0,1,1,0,1,1,1,1,1,1,1,1,1,1,1,1,1,1,1,0,1,1,1,0,1,0,1,1,1,0,1,2,3,3,1,3,2,3,3,3,2,3,1,2,1,2,1,2,3,2,3,2,1,2,2,3,3,3,2,2,2,3,2,4,2,4,3,4,4,3,3,2,3,2,3,3,3,3,4,3,2,2,4,3,4,2,2,3,4,2,2,2,4,3,2,2,2,2,3,2,3,3,3,4,2,3,2,2,3,2,4,2,3,3,2,4,3,2,2,4,4,3,2,3,2
stud30005@raqood-ai,GP1_Robot,21,50,29,77,84,81,0.617,0,0,0,1,0,0,1,0,0,1,0,0,1,0,0,0,0,0,1,1,0,0,0,0,0,0,0,0,0,0,1,0,1,0,0,0,0,0,1,0,0,1,0,1,0,1,1,0,1,0,0,0,0,0,1,0,1,0,0,0,1,0,0,1,0,0,1,1,1,0,1,1,1,1,1,0,1,1,1,1,1,1,0,1,0,1,1,1,1,1,1,1,1,1,1,0,0,1,0,1,1,1,1,1,0,1,1,0,0,1,1,1,1,0,1,1,1,1,1,0,1,1,0,1,0,0,1,1,0,1,0,1,1,0,0,0,0,1,1,1,1,1,2,2,3,1,2,3,2,1,2,2,1,1,3,3,1,2,3,3,2,3,2,2,1,3,1,3,2,2,2,2,3,4,3,2,3,2,2,3,3,3,3,4,2,4,4,4,2,4,3,3,2,4,3,2,4,2,4,4,2,4,2,3,2,4,4,3,2,4,2,4,2,4,3,4,3,2,4,4,4,4,3,4,3,2,4,4,2,2,2,3,3,4
stud30013@raqood-ai,GP1_Robot,29,59,30,76,91,81,0.728,1,0,0,1,0,0,0,0,0,1,1,1,0,1,0,1,1,1,0,1,0,0,0,0,0,0,0,1,0,1,1,0,0,1,0,1,0,0,1,0,0,0,0,0,0,1,1,1,0,0,0,1,1,1,1,1,0,0,1,1,1,0,0,0,0,1,0,0,1,0,1,1,1,1,0,1,1,1,1,1,0,1,1,1,1,1,1,1,0,1,1,1,1,1,1,1,1,1,1,1,1,1,1,0,1,1,0,1,1,1,1,0,1,1,1,1,1,1,0,1,1,1,1,1,1,1,1,1,1,1,0,0,1,1,0,0,1,1,1,1,1,1,1,1,2,1,1,1,1,2,3,3,3,3,1,2,3,1,3,3,2,2,1,1,3,2,3,2,2,1,2,1,2,4,3,2,2,4,2,2,2,3,4,3,3,2,3,4,4,2,4,3,2,4,4,2,2,3,3,4,3,3,2,4,3,4,3,4,4,3,3,3,2,4,4,2,4,4,3,4,4,4,3,4,2,3,2,2,4,4,3,2,2,2
stud30021@raqood-ai,GP1_Robot,27,58,31,79,83,71,0.817,0,0,1,1,1,1,0,0,1,0,0,1,0,1,0,0,0,1,1,1,0,0,1,0,1,1,1,1,0,1,0,0,0,1,0,0,0,0,0,1,0,0,0,1,0,0,0,1,0,0,1,1,1,1,0,0,0,0,0,0,0,1,0,0,1,1,0,0,0,0,1,1,1,1,1,1,1,0,1,1,1,1,1,1,1,1,1,1,1,1,1,1,1,1,0,1,1,1,0,1,1,1,0,1,1,0,1,1,1,1,1,1,1,1,0,1,1,1,1,0,1,0,1,1,1,1,1,1,1,0,1,0,1,1,0,0,1,1,1,1,2,3,3,2,2,2,1,2,3,1,1,2,3,1,3,2,3,2,3,3,1,3,3,2,3,1,3,3,3,3,2,1,3,3,2,3,3,4,4,2,3,2,2,4,4,4,3,2,2,3,4,4,2,3,3,2,2,3,2,2,4,3,4,3,2,3,2,3,3,2,3,4,3,3,3,3,4,4,4,2,4,4,3,2,2,2,3,2,4,4,2,3,2,2
stud30124@raqood-ai,GP1_Robot,27,61,34,75,81,79,0.772,1,1,11,0,0,0,1,1,1,0,0,0,1,1,0,0,1,1,0,0,0,0,0,0,0,1,1,0,1,0,0,1,0,0,1,0,0,0,0,1,0,0,1,1,0,0,0,0,1,1,0,1,1,0,0,0,1,0,0,0,1,0,1,0,0,1,0,1,0,1,1,1,1,1,1,1,1,1,1,1,1,1,1,1,1,1,1,0,1,1,1,0,1,1,1,1,0,1,1,1,1,1,1,1,0,1,1,1,1,1,1,1,1,1,1,0,1,1,0,1,1,1,1,1,1,0,1,1,1,0,1,1,1,1,0,1,1,1,1,1,3,1,3,3,1,3,1,3,2,3,1,1,3,2,3,1,3,3,3,2,1,2,2,1,2,2,3,3,1,2,3,1,2,2,4,2,3,3,4,4,2,2,3,4,4,2,2,2,2,4,4,2,4,4,3,3,4,3,2,3,3,3,3,2,3,4,2,2,2,4,4,2,3,3,4,2,3,4,4,3,4,4,4,4,3,4,2,4,2,3,2,2,3,3
stud30052@raqood-ai,GP1_Robot,33,51,18,79,81,66,0.773,1,1,0,0,1,1,1,0,0,0,1,0,1,1,1,1,1,1,1,0,0,1,1,0,0,0,0,1,0,1,1,0,0,0,1,1,0,0,1,0,0,0,1,1,1,0,0,1,1,0,0,0,1,0,1,0,1,1,0,0,0,1,1,0,0,0,0,0,1,0,1,1,1,0,1,1,1,1,1,1,1,1,1,0,0,0,1,0,0,1,0,1,1,1,1,0,0,0,1,1,1,0,1,1,1,0,1,1,1,0,0,1,1,1,1,1,1,1,1,0,1,1,1,0,1,1,0,1,1,1,0,1,1,1,1,1,1,1,1,0,3,3,1,1,1,3,2,2,1,1,2,1,1,1,1,3,1,2,1,2,1,2,3,3,1,1,3,3,3,2,2,1,2,4,2,2,3,3,4,3,3,4,3,2,4,2,4,2,2,3,3,3,2,2,4,4,2,3,4,4,3,4,2,2,4,4,2,3,2,3,3,2,3,4,3,4,4,3,4,2,2,4,3,2,3,4,4,4,4,4,4,3,4,3
stud30001@raqood-ai,GP1_Robot,24,57,33,75,86,73,0.781,0,0,1,0,0,0,1,1,0,0,1,1,0,1,1,0,0,0,1,0,0,0,0,0,0,0,1,1,0,1,1,0,0,1,0,0,0,0,1,0,0,0,0,1,0,1,1,0,0,0,1,1,0,0,1,0,1,0,0,0,0,0,0,0,1,0,0,1,1,0,1,1,0,1,1,0,1,0,1,0,1,0,1,1,1,1,1,1,1,1,1,1,1,1,0,1,1,0,1,0,1,1,1,1,1,0,1,1,1,1,1,1,0,1,0,1,1,1,1,1,1,1,1,1,1,1,1,1,0,1,1,1,1,1,1,1,1,1,0,1,2,2,1,1,3,2,1,3,3,2,1,2,1,2,1,2,1,3,1,3,3,3,2,2,1,3,3,1,1,3,2,1,4,4,3,2,4,2,2,4,3,2,4,3,3,2,2,2,2,4,4,2,3,3,4,4,4,2,2,4,2,2,3,2,4,2,2,2,4,2,3,3,3,4,2,2,3,4,3,3,3,4,4,2,2,3,2,3,3,4,2,2,4,3
stud30087@raqood-ai,GP1_Robot,32,58,26,77,80,74,0.784,0,1,0,0,0,0,0,1,0,0,1,0,1,0,0,1,0,0,1,1,1,1,1,0,0,1,0,0,0,1,0,1,1,1,1,1,1,1,1,0,0,0,0,1,0,1,0,0,1,0,0,1,0,0,0,1,1,1,1,0,1,0,0,1,0,0,0,1,1,0,1,1,0,1,1,1,1,1,0,1,1,1,0,1,1,1,1,1,1,0,1,1,1,1,1,1,1,1,1,1,1,1,1,1,1,1,1,1,0,1,1,1,1,1,1,1,1,0,1,0,1,1,1,1,1,0,1,1,1,1,0,0,1,0,0,1,1,1,1,1,2,1,2,2,1,1,3,3,3,2,1,3,2,3,3,3,1,2,1,1,2,1,3,3,1,2,2,3,3,1,2,3,2,3,3,4,3,4,4,2,4,2,3,2,2,3,3,4,2,3,3,3,2,4,4,3,4,4,4,3,4,4,4,2,4,4,2,3,2,3,4,4,3,3,3,3,3,4,4,4,4,3,2,2,4,3,2,3,4,2,4,3,3,4
stud30125@raqood-ai,GP1_Robot,28,58,30,73,89,78,0.744,0,0,0,1,0,1,0,0,1,0,0,1,1,1,1,1,0,0,0,1,0,0,0,1,0,0,1,0,0,1,1,1,0,0,0,0,1,0,1,0,0,0,0,1,0,0,1,0,0,0,1,1,0,0,0,1,1,1,1,0,1,0,1,1,0,0,0,0,1,0,0,1,1,1,1,1,0,1,1,1,1,1,1,0,1,1,1,1,1,0,1,1,0,1,1,0,1,1,1,1,1,1,1,0,1,0,1,1,1,1,1,1,1,1,1,1,1,1,1,1,1,0,0,1,1,1,1,1,1,1,1,0,1,0,1,1,1,1,1,1,1,1,1,3,3,2,3,1,2,2,3,3,3,2,3,2,3,3,2,2,2,1,2,3,3,3,2,3,1,1,2,2,2,4,4,3,4,3,2,4,2,3,2,2,4,3,4,4,3,2,3,2,3,2,2,2,2,3,4,2,3,2,3,4,4,2,4,2,4,2,3,3,4,2,2,3,4,2,2,4,4,4,4,3,2,2,4,3,4,3,4,4,2,4
stud30069@raqood-ai,GP1_Robot,27,51,24,84,77,72,0.708,0,1,1,0,0,0,0,0,0,0,1,1,0,1,0,0,1,1,0,1,0,0,0,1,0,1,1,0,1,0,0,0,0,0,1,1,0,1,0,1,0,1,0,1,0,1,1,1,0,1,0,1,0,0,1,0,0,1,0,0,0,0,0,1,0,0,1,0,0,0,1,1,0,1,1,1,1,1,1,1,1,0,1,1,1,0,0,0,0,1,1,0,0,0,1,0,1,1,0,1,0,1,1,0,1,1,1,1,1,1,1,1,0,1,1,1,0,1,1,0,1,0,1,1,1,1,0,1,1,1,1,1,0,1,1,1,1,1,1,1,3,1,2,1,2,3,2,2,1,2,1,3,1,1,2,1,3,3,2,1,3,1,2,3,2,3,2,1,3,1,3,2,3,2,2,3,3,2,2,3,4,2,4,3,4,3,3,4,2,4,4,4,2,3,4,3,4,2,4,4,2,3,4,4,2,4,4,2,3,3,3,3,3,3,3,3,4,2,3,2,2,4,3,2,4,3,2,4,2,4,2,3,4,4
stud30289@raqood-ai,GP1_Robot,33,57,24,72,80,79,0.722,0,0,0,0,1,0,1,0,0,0,1,1,0,0,0,1,1,1,0,0,0,1,1,1,1,1,0,1,0,0,0,1,1,1,0,1,1,1,1,0,0,0,0,0,1,0,0,1,0,1,0,1,0,0,1,1,0,1,1,1,1,0,0,1,0,1,0,0,1,0,1,1,0,1,1,1,1,1,1,1,1,0,1,1,1,1,1,1,1,1,1,1,1,1,1,0,1,1,1,1,1,1,1,1,1,1,0,1,1,1,1,1,0,0,1,1,1,0,1,1,1,1,1,1,1,1,0,0,0,1,1,1,0,0,1,1,1,1,1,0,1,3,3,3,2,3,3,2,3,2,1,1,3,3,2,1,3,3,2,2,3,1,1,2,1,2,2,1,1,2,2,1,2,2,3,2,2,3,3,3,2,2,2,4,2,3,4,4,3,4,2,2,2,2,2,3,2,2,2,3,2,4,2,3,4,4,3,3,4,3,4,2,4,3,4,2,4,3,2,3,2,4,2,3,3,4,3,4,2,4,2,2,4,2
stud30023@raqood-ai,GP1_Robot,32,60,28,77,78,74,0.811,0,0,0,1,0,1,1,0,0,1,0,1,0,1,1,0,1,1,1,1,1,1,0,0,0,1,1,0,0,0,1,1,0,0,0,1,0,0,0,1,0,0,0,0,1,0,1,0,1,0,1,1,1,1,0,0,1,1,0,1,0,0,1,0,0,1,0,0,1,0,1,1,0,1,1,1,0,1,1,1,1,1,1,1,1,0,1,1,1,1,1,1,1,1,1,1,1,1,1,1,0,1,1,0,1,1,1,1,0,1,1,1,1,1,1,0,0,1,1,1,1,1,1,1,1,1,0,1,1,1,1,1,1,1,1,1,0,1,1,1,3,2,1,3,1,3,3,1,3,2,3,2,3,2,3,1,1,1,3,1,3,2,3,2,2,1,2,2,3,3,1,2,3,4,2,4,2,3,3,2,3,2,2,2,2,2,2,3,2,2,2,3,3,4,3,3,2,2,2,4,3,2,3,4,4,4,4,2,3,4,4,2,3,4,4,3,3,3,3,2,2,2,3,2,3,2,4,3,2,4,2,4,3,2
stud30095@raqood-ai,GP1_Robot,30,59,29,77,84,85,0.694,1,0,1,0,0,0,0,1,0,0,0,1,0,0,1,0,1,1,0,1,1,0,0,1,0,1,0,0,0,0,1,0,0,0,0,0,1,0,1,0,0,0,0,1,1,0,1,1,0,0,1,0,0,1,1,0,1,1,1,1,1,0,1,1,1,0,0,1,0,0,1,1,1,1,1,1,1,1,1,1,1,0,1,1,1,1,1,1,1,1,1,1,1,1,1,1,1,0,1,1,1,0,1,1,0,1,1,1,1,1,1,1,1,1,0,1,1,1,1,0,1,1,1,0,1,0,1,1,1,0,1,0,1,0,1,1,1,1,1,1,1,1,1,3,3,3,1,2,3,1,1,1,1,1,2,2,2,1,3,3,1,1,3,3,3,2,1,2,3,2,1,2,4,3,2,4,2,3,3,4,4,3,3,2,3,3,3,4,3,3,2,2,2,3,3,4,2,3,2,2,3,2,3,4,4,2,4,4,4,4,4,4,2,3,3,3,3,4,2,3,2,3,4,4,3,4,4,2,3,2,4,3,4,4
stud30027@raqood-ai,GP1_Robot,31,61,30,74,86,72,0.847,0,1,0,1,1,1,0,1,0,1,0,1,1,1,0,1,0,0,1,0,1,1,1,1,0,0,0,1,0,0,0,1,0,0,0,1,0,1,1,0,1,0,1,0,0,0,0,0,0,0,0,0,1,1,1,1,1,1,0,1,0,0,0,0,0,1,0,1,0,0,1,1,1,1,1,1,1,1,1,1,1,1,1,1,1,1,1,1,0,1,1,1,1,1,1,1,1,1,1,1,1,1,0,0,1,0,1,1,0,1,1,1,1,1,1,0,1,1,1,1,1,1,0,1,1,0,1,0,1,1,1,1,1,1,1,1,1,1,1,1,1,2,3,1,1,3,1,1,1,2,1,1,2,1,2,3,2,2,2,2,3,3,1,3,1,2,1,2,1,1,2,1,3,4,2,2,3,3,4,2,2,4,4,4,3,2,4,3,3,3,4,3,3,2,3,4,3,3,4,4,3,2,2,2,4,3,3,2,3,2,3,3,2,2,2,3,4,4,3,2,3,3,3,2,3,3,3,3,3,4,3,3,4,3
stud30015@raqood-ai,GP1_Robot,28,58,30,75,89,74,0.784,1,0,0,0,1,0,1,1,1,0,0,0,0,1,0,1,1,0,1,1,0,0,0,1,0,1,1,0,1,1,0,0,0,1,0,0,0,0,0,0,0,0,1,0,0,0,1,0,1,1,0,0,0,0,0,0,1,1,1,0,0,1,0,0,1,1,0,1,0,1,1,1,1,1,1,1,1,0,1,1,1,1,1,0,1,1,0,1,0,1,1,0,1,1,1,1,1,1,0,1,1,0,1,1,0,1,0,1,1,1,1,1,1,1,1,1,1,1,1,1,1,1,1,1,1,0,1,1,1,0,1,0,1,1,1,1,1,1,1,1,3,2,3,3,2,3,3,1,3,3,2,3,1,3,2,1,1,2,2,1,3,2,3,1,2,1,3,1,1,3,3,1,2,4,2,3,3,2,2,3,2,2,2,4,2,4,2,2,2,2,3,3,2,3,3,3,2,3,3,3,4,2,4,3,3,3,4,2,2,2,4,4,3,2,3,3,2,4,4,4,3,2,4,4,3,2,3,4,2,4,4,2,4,4
stud30036@raqood-ai,GP1_Robot,22,55,33,68,82,77,0.714,0,0,0,0,1,0,0,0,1,1,0,0,1,0,0,0,0,0,0,1,0,1,1,0,0,0,1,1,1,0,0,0,0,0,0,1,1,1,0,0,0,1,0,1,0,1,0,0,1,0,0,0,0,0,0,0,0,1,0,1,0,1,0,0,0,0,1,1,0,0,1,1,1,1,1,0,1,1,1,0,1,1,1,1,1,1,1,1,0,0,1,0,0,0,0,1,1,1,1,1,1,1,1,1,1,1,1,1,1,1,1,0,0,0,1,1,1,1,1,0,1,1,1,1,0,1,1,1,1,1,1,1,1,1,1,0,1,1,0,1,1,1,2,3,1,1,2,3,3,3,1,1,2,3,3,2,1,2,1,2,2,1,3,3,3,2,1,2,3,2,2,1,4,2,4,3,3,3,2,2,3,2,3,4,2,4,2,4,3,4,4,4,3,2,4,3,3,2,2,4,3,2,4,3,3,4,3,2,2,3,3,3,3,4,3,2,2,4,4,3,3,4,3,3,4,4,3,3,3,2,4,2,4,3
stud30086@raqood-ai,GP1_Robot,33,51,18,71,80,74,0.689,0,0,0,1,0,1,1,1,0,1,0,1,0,1,1,0,1,0,0,1,0,1,1,1,0,0,0,1,0,1,1,0,1,1,1,0,1,0,0,0,1,1,1,0,0,0,1,1,1,1,0,0,0,1,0,1,1,0,0,0,0,1,0,0,0,0,0,0,1,1,0,1,1,1,1,1,1,1,1,1,1,1,1,1,1,0,1,0,1,1,0,1,1,1,0,0,1,1,1,0,1,1,0,1,1,1,1,0,1,1,0,1,1,1,1,0,1,1,1,0,1,0,1,1,1,0,1,1,1,0,1,1,1,1,0,1,0,0,1,0,2,1,3,3,3,1,3,1,1,1,3,1,3,3,1,2,1,2,2,3,3,3,2,2,1,2,2,3,1,2,3,2,3,2,2,4,4,3,3,2,3,2,4,3,4,3,3,4,4,3,2,4,3,2,3,3,4,4,4,3,4,3,4,4,3,3,4,2,4,2,3,3,3,2,4,3,2,4,4,3,4,2,4,2,4,4,2,4,3,4,2,3,4,3
stud30109@raqood-ai,GP1_Robot,28,55,27,78,81,73,0.753,0,0,1,0,0,1,0,0,0,1,0,0,0,1,0,0,1,0,0,0,1,0,1,1,0,0,1,1,1,0,0,1,0,0,1,1,0,1,1,0,1,1,0,1,0,0,1,0,0,1,0,1,1,1,0,0,0,0,1,0,0,0,0,1,0,0,0,1,0,1,1,1,0,1,1,1,0,1,0,1,1,1,1,1,1,0,1,1,1,1,1,1,1,1,1,1,1,1,0,1,1,1,1,0,1,1,1,1,1,1,1,1,1,1,0,1,0,0,1,1,1,1,1,0,0,1,1,1,1,1,1,0,1,1,1,0,1,0,1,0,2,3,1,3,2,1,1,2,1,2,2,3,3,2,1,3,3,1,1,2,2,2,3,2,3,3,3,1,1,2,3,3,3,2,4,3,4,3,3,4,2,3,2,3,4,2,3,4,2,3,4,2,4,3,4,2,3,2,2,4,4,4,2,4,4,3,2,2,3,2,4,2,2,3,2,4,3,2,3,2,3,2,3,4,3,2,2,3,3,3,3,3,4,2
stud30018@raqood-ai,GP1_Robot,25,52,27,78,84,81,0.642,0,0,1,0,0,0,0,0,1,1,0,0,1,1,0,0,0,1,0,1,0,1,0,1,1,0,0,1,1,0,0,0,0,1,0,0,0,0,1,1,1,0,0,0,0,0,0,1,0,0,0,1,0,0,0,0,1,0,1,1,1,1,0,0,0,0,0,1,0,1,0,1,1,1,1,0,1,1,1,0,1,1,0,0,0,1,1,0,0,1,1,0,1,1,1,1,0,1,1,0,1,0,0,1,1,1,1,1,1,1,1,1,1,1,1,1,1,0,1,1,1,1,1,0,1,1,0,1,0,1,1,1,0,1,1,1,1,1,1,1,2,2,3,3,2,2,3,3,1,2,2,2,3,3,3,1,1,2,2,1,3,1,1,1,1,2,3,2,2,3,2,3,2,3,2,2,3,2,4,2,3,3,3,4,4,4,2,3,3,3,4,2,2,4,2,4,3,2,3,3,4,2,2,2,4,2,4,3,2,4,2,4,2,4,3,2,4,3,3,2,4,4,4,3,3,4,3,2,3,2,3,3,3,4
stud30073@raqood-ai,GP1_Robot,33,54,21,65,88,77,0.701,1,1,1,0,0,0,0,0,0,0,1,1,0,0,1,0,1,0,0,0,0,0,1,0,1,1,1,1,1,0,0,0,0,0,0,0,0,1,1,0,1,0,1,1,0,0,1,1,1,0,0,0,1,1,1,0,0,1,0,1,0,1,1,1,0,1,1,1,0,1,1,0,0,1,1,1,1,1,1,1,1,1,1,1,1,0,1,1,1,1,1,1,1,0,0,1,1,1,1,1,1,1,1,1,1,1,0,1,1,0,0,1,0,1,1,1,0,1,1,1,1,0,0,1,1,0,1,1,1,0,1,1,1,1,1,1,0,1,0,1,2,2,2,3,2,1,3,1,3,3,1,3,1,1,1,3,2,2,3,2,1,1,1,3,3,1,3,3,1,2,3,1,2,4,3,2,3,4,2,4,4,2,2,3,2,2,2,2,4,3,3,2,3,2,4,2,4,4,3,3,2,2,2,3,2,3,3,2,4,3,2,4,4,2,2,2,4,2,4,3,2,4,4,4,4,2,3,3,4,4,3,3,3,2
stud30303@raqood-ai,GP1_Robot,22,60,38,79,77,66,0.909,1,0,1,0,0,0,1,1,0,0,0,1,0,0,0,0,1,0,0,0,0,0,0,0,1,1,0,0,0,1,1,0,0,0,1,0,1,1,1,0,1,0,0,1,0,0,0,0,0,0,0,1,1,0,0,0,0,1,0,0,0,1,0,0,1,0,0,0,1,0,1,1,1,1,1,1,1,1,1,1,1,1,1,1,0,1,1,1,1,1,1,1,1,1,0,1,1,1,1,1,1,1,1,1,1,0,1,1,1,0,0,1,1,1,1,1,1,1,0,0,0,0,1,1,1,1,1,1,1,1,0,1,1,1,1,1,1,1,1,1,3,1,1,2,2,1,3,1,1,1,2,3,1,3,3,2,2,2,1,2,2,2,1,2,3,3,2,1,3,1,2,1,4,3,2,4,4,4,3,2,3,2,3,2,4,3,2,3,3,2,2,2,4,2,4,2,3,2,3,2,3,4,4,2,2,3,2,4,2,4,2,2,4,4,2,3,3,4,4,4,3,3,3,2,3,3,2,4,4,4,4,2,4,2
stud30292@raqood-ai,GP1_Robot,27,54,27,82,83,75,0.72,1,1,0,0,0,0,0,0,0,1,0,1,1,0,0,1,0,1,0,0,1,0,0,1,0,1,0,0,0,1,0,1,1,1,1,0,0,1,1,0,1,0,0,0,0,1,0,0,0,1,0,1,1,1,1,0,0,0,1,0,0,0,0,0,1,0,1,0,0,0,1,1,1,1,1,0,1,1,1,1,0,1,0,1,1,0,1,1,1,1,0,1,0,1,1,0,1,1,1,1,1,1,1,0,1,1,1,1,1,0,1,1,1,1,1,1,1,1,1,0,0,1,1,1,1,1,1,1,0,0,1,0,1,1,1,1,1,0,0,1,2,3,1,2,2,3,1,2,1,2,3,2,3,3,3,2,1,3,2,1,2,1,3,1,1,1,1,2,2,1,1,3,3,4,2,3,4,3,2,4,2,4,2,3,2,4,2,4,4,3,4,3,3,2,3,2,4,4,4,4,2,3,4,3,4,4,4,2,2,2,4,2,3,4,2,2,3,2,3,3,4,2,4,3,3,4,2,2,3,4,4,4,4,4
stud30070@raqood-ai,GP1_Robot,24,54,30,77,74,80,0.675,0,0,0,0,1,1,0,0,0,1,0,0,0,0,0,0,1,1,0,0,1,0,0,1,0,0,1,0,0,1,0,1,0,0,0,0,1,0,1,0,1,0,0,1,0,1,0,0,1,1,1,1,0,0,0,0,0,0,0,1,0,0,1,0,1,0,1,0,1,0,1,1,1,0,0,1,1,0,0,0,1,1,0,1,1,1,0,1,1,1,1,1,1,1,1,1,1,0,1,1,0,1,1,1,1,0,1,1,1,1,1,0,1,1,1,1,1,1,1,1,1,1,1,1,1,1,1,1,1,0,0,0,1,1,1,1,0,0,1,1,2,3,3,1,2,2,2,1,2,3,1,3,1,1,3,2,2,3,3,3,3,2,3,3,3,2,1,2,1,2,2,3,4,2,3,3,4,3,3,3,4,3,4,2,4,3,2,4,3,2,3,3,4,2,2,2,4,2,3,3,2,3,4,4,4,2,2,3,4,3,2,2,3,2,4,2,2,4,3,3,2,3,3,4,3,2,4,3,2,2,2,3,2,2
stud30106@raqood-ai,GP1_Robot,33,58,25,85,83,67,0.866,0,1,0,0,1,0,1,1,0,1,0,0,0,1,1,0,1,1,0,0,1,0,1,1,1,1,1,0,0,1,1,1,1,0,1,1,0,0,1,0,1,0,1,0,0,1,1,0,0,0,1,0,0,0,0,0,0,0,1,1,0,0,0,1,0,1,1,0,1,0,1,1,1,1,1,0,1,1,1,1,1,1,1,1,1,1,1,1,1,0,1,1,1,0,1,1,1,0,1,1,1,1,1,0,1,1,1,1,1,1,1,1,1,1,1,0,1,1,1,1,0,1,1,1,1,0,1,1,0,0,1,0,1,1,0,1,1,1,1,1,2,3,2,1,3,2,2,1,3,1,3,2,2,1,3,1,1,1,1,3,2,3,3,3,1,3,1,1,2,1,3,3,2,2,2,4,4,4,2,3,4,2,2,4,4,4,4,4,3,4,3,2,4,4,2,2,4,4,4,2,3,2,2,2,4,3,2,3,2,3,2,4,3,4,4,4,4,3,3,2,3,2,2,2,4,2,4,3,4,2,4,3,2,4
stud30127@raqood-ai,GP1_Robot,22,60,38,77,82,79,0.759,0,1,0,0,1,0,0,0,0,1,0,0,0,0,0,0,1,0,0,0,0,0,1,1,1,1,0,1,0,0,0,0,0,1,0,0,0,0,0,0,0,1,0,0,0,1,0,0,0,1,1,1,0,1,0,0,1,0,1,0,0,0,0,0,1,1,1,0,1,0,1,1,1,1,1,1,1,0,1,1,1,1,1,1,1,1,1,1,0,1,1,0,1,1,1,1,0,1,1,1,1,1,0,1,1,1,1,0,0,0,1,1,1,0,1,1,1,1,1,1,1,1,1,1,1,1,1,1,1,1,0,1,1,1,1,1,1,1,1,1,1,1,1,1,3,2,2,3,1,1,2,1,2,3,1,2,2,3,3,2,2,2,2,1,3,2,3,2,2,1,2,1,4,4,2,3,3,4,2,2,3,3,2,3,3,4,2,4,2,2,2,4,3,4,3,4,4,2,3,4,4,3,2,3,2,2,2,3,3,3,4,2,2,2,4,2,4,2,2,3,2,4,3,3,4,4,2,3,3,4,2,2,3,2
stud30131@raqood-ai,GP1_Robot,22,61,39,79,79,64,0.953,0,1,1,1,0,0,0,1,0,0,0,1,1,0,1,0,0,0,1,0,0,0,0,0,0,0,0,1,1,0,0,0,0,1,0,1,1,0,0,1,1,0,0,0,0,0,1,1,0,0,0,0,1,0,0,0,1,0,0,0,0,1,0,0,0,0,1,0,1,0,1,1,0,1,1,1,1,1,1,0,1,1,1,1,1,1,1,1,1,1,1,1,1,0,1,1,1,1,1,1,1,1,0,1,1,0,0,1,1,1,1,1,1,1,1,1,0,1,1,1,1,1,1,1,1,1,1,1,0,1,1,1,1,1,1,0,1,1,1,1,2,1,2,3,3,3,3,1,3,2,2,2,3,2,1,2,3,1,3,1,2,2,2,2,3,3,3,3,2,1,1,3,2,3,2,4,3,4,3,2,2,2,2,3,3,2,4,4,3,3,4,3,3,3,2,2,3,3,4,3,4,4,4,3,3,2,3,2,2,3,2,2,4,4,3,3,4,3,4,3,3,3,3,2,3,3,2,2,2,4,3,4,4,3
stud30055@raqood-ai,GP1_Robot,30,47,17,80,81,68,0.691,1,0,0,1,1,0,0,0,1,1,0,1,0,0,1,0,0,0,0,0,0,0,0,0,0,0,1,1,1,1,1,1,1,0,0,0,0,1,0,1,0,0,1,1,1,1,0,0,1,0,0,1,1,1,1,1,0,0,1,0,0,1,1,0,0,0,0,0,0,1,0,1,1,1,1,0,1,1,1,0,1,1,0,1,1,0,0,0,1,1,1,1,0,1,0,1,1,1,1,1,1,1,1,0,0,1,1,1,1,1,1,0,0,1,1,0,1,1,1,1,1,1,0,1,0,0,1,0,0,0,0,1,0,1,1,0,1,1,1,1,1,3,3,2,2,3,1,2,1,3,1,1,2,3,3,1,1,2,1,2,3,2,2,2,1,2,2,3,2,2,1,3,2,4,3,3,3,2,4,2,2,3,4,3,3,4,2,2,4,2,3,2,4,3,2,2,4,2,4,3,3,4,4,4,3,4,2,4,2,4,3,2,3,3,3,4,2,3,4,4,2,2,2,2,2,2,2,4,2,4,2,4,3,3
stud30064@raqood-ai,GP1_Robot,36,59,23,80,83,77,0.766,1,1,0,1,0,0,0,1,1,0,1,0,1,1,0,1,0,1,1,1,1,1,0,0,1,1,1,1,1,1,0,1,0,0,0,0,1,0,1,1,0,0,0,0,1,0,0,1,1,0,0,1,0,0,0,0,1,0,0,1,1,1,0,1,0,0,1,1,0,1,0,1,1,1,0,1,1,1,1,1,1,1,1,1,1,1,1,1,1,0,1,1,0,1,1,1,1,1,0,1,1,1,1,1,0,1,1,1,1,1,1,0,1,1,1,1,0,1,1,1,1,1,1,1,1,1,1,1,0,0,1,0,1,1,1,1,1,1,1,1,2,3,3,3,3,2,3,3,1,1,3,2,2,1,1,3,1,2,2,2,2,2,2,3,1,3,2,3,2,2,2,2,3,4,3,3,2,4,4,4,4,2,2,4,3,4,2,2,3,2,2,4,2,4,4,3,4,3,3,4,3,4,3,2,2,3,4,2,4,4,2,3,3,4,4,2,2,2,2,2,2,3,4,2,3,4,4,3,4,4,2,4,2,3
stud30010@raqood-ai,GP1_Robot,32,57,25,75,80,66,0.864,0,0,0,1,0,1,0,1,0,0,0,0,0,0,1,1,1,1,1,1,0,0,0,1,1,1,1,0,1,1,0,0,0,0,0,1,1,0,0,0,0,1,0,0,1,1,0,1,1,0,0,1,0,1,1,1,0,1,0,1,1,0,0,1,0,1,0,1,0,0,1,1,0,0,1,1,0,1,1,1,1,1,0,0,1,1,1,1,1,1,1,1,1,0,1,0,1,1,0,1,1,1,0,1,1,0,1,0,1,1,1,1,1,1,1,1,1,1,1,1,1,1,1,1,1,1,1,1,0,1,1,1,1,1,1,0,1,1,1,1,2,3,3,2,2,1,3,3,3,3,1,2,3,2,1,1,1,1,3,3,2,1,2,3,2,1,1,1,3,2,2,3,3,2,2,3,2,2,4,2,4,3,4,4,3,2,4,4,2,3,3,3,4,4,4,4,2,4,3,3,2,2,4,4,4,3,2,2,2,3,3,4,2,3,2,2,4,4,4,3,2,2,4,2,2,3,2,4,3,4,3,4,4,4
stud30068@raqood-ai,GP1_Robot,27,56,29,82,83,80,0.7,0,1,1,0,1,1,0,0,0,0,1,0,0,0,1,1,0,1,0,0,0,1,1,0,1,0,1,0,1,0,1,1,0,0,1,0,1,0,1,0,1,0,1,1,0,0,0,1,0,0,0,0,0,0,0,1,1,1,0,0,0,0,0,0,0,0,1,0,0,1,1,1,1,1,1,0,0,1,0,1,1,1,1,1,1,0,1,1,1,1,1,1,1,1,1,1,1,1,0,1,1,1,0,1,0,1,0,1,0,1,0,1,1,1,1,1,0,1,1,1,1,1,1,0,0,1,1,1,1,1,0,1,1,1,1,1,1,1,1,1,3,3,3,2,2,3,2,1,2,1,2,3,1,3,3,3,1,2,1,3,3,1,3,3,3,2,3,2,3,1,2,1,3,3,4,2,4,2,3,3,2,4,4,3,2,4,2,4,2,2,4,3,4,3,4,2,3,4,2,3,2,4,4,3,2,2,2,3,2,2,4,4,2,4,2,2,4,4,4,2,4,3,4,4,4,4,4,3,2,3,2,4,2,2
stud30065@raqood-ai,GP1_Robot,29,55,26,79,87,75,0.733,0,0,0,1,0,0,0,1,0,0,0,1,1,1,0,1,1,1,1,0,1,0,0,1,1,1,0,0,0,0,0,0,1,1,0,1,1,0,0,1,0,0,1,1,0,0,1,0,0,1,0,0,1,0,1,0,1,0,1,1,0,1,0,0,0,0,0,1,0,0,1,1,0,0,0,1,1,1,1,1,1,1,1,0,1,1,1,0,1,0,1,0,1,1,1,0,1,1,1,1,0,0,1,1,1,1,1,1,0,1,1,1,1,1,1,1,1,1,1,1,1,0,1,0,1,1,0,1,1,1,1,1,1,1,1,0,1,1,1,1,2,1,1,1,2,3,1,1,3,2,1,2,1,2,1,3,2,2,3,2,2,3,3,1,1,3,3,3,3,3,1,2,2,3,2,3,4,4,2,2,2,2,4,3,3,3,2,3,4,2,2,3,3,2,4,2,3,3,4,3,3,2,4,4,2,3,2,4,4,4,4,3,4,4,4,2,2,2,4,3,3,3,2,3,4,3,2,4,2,4,3,2,4,3
stud30092@raqood-ai,GP1_Robot,29,59,30,81,85,71,0.831,1,0,0,0,0,0,0,1,1,0,0,1,0,0,0,0,1,0,1,1,0,1,0,0,0,0,0,0,0,1,1,0,1,0,0,1,1,0,1,0,0,0,1,1,1,1,0,1,1,1,0,1,0,0,0,1,0,1,0,1,1,0,0,1,0,0,1,1,0,0,1,0,1,0,1,1,1,1,1,1,1,0,1,1,0,1,1,1,1,1,1,1,1,1,1,1,1,1,1,1,1,1,1,1,0,1,1,1,0,1,1,1,1,1,1,1,1,1,1,1,1,1,1,1,1,1,1,0,1,0,1,1,0,1,1,0,1,0,1,1,1,2,2,1,1,2,3,2,3,2,3,1,3,3,3,1,3,1,3,2,2,2,3,1,3,3,1,1,3,1,2,2,4,2,3,2,2,4,2,3,3,4,4,2,2,4,4,3,2,4,4,3,3,3,4,4,4,2,3,3,4,3,4,2,4,2,4,4,2,2,2,3,3,4,2,4,3,4,4,4,2,3,3,3,3,4,2,4,4,2,4,3,2,3
stud30273@raqood-ai,GP2_Robot_Advanced,29,57,28,82,83,70,0.814,0,1,0,0,0,1,0,1,0,1,1,0,0,1,1,0,1,1,0,0,0,0,1,0,1,0,0,0,1,1,1,1,0,0,0,1,1,0,0,0,1,1,1,0,0,0,0,1,0,0,1,0,1,0,0,0,0,1,0,0,0,0,0,1,0,1,1,0,1,1,0,1,1,1,1,1,0,0,1,1,1,1,1,1,1,1,1,1,1,1,1,1,1,0,1,1,1,0,1,1,1,1,1,1,0,0,1,1,1,0,1,1,1,1,0,1,1,1,1,1,1,1,0,1,1,0,1,1,1,1,1,1,1,1,1,1,1,1,0,0,3,1,2,3,1,2,2,3,1,1,2,3,3,2,3,1,3,1,1,1,3,1,3,3,1,2,2,3,1,3,1,3,3,4,3,4,3,3,3,3,4,3,4,3,3,4,2,2,2,4,2,3,2,3,3,2,4,4,4,4,3,2,3,4,2,2,2,2,3,2,3,2,2,2,4,2,4,3,2,4,2,3,3,2,2,2,4,4,3,2,4,3,3,2
stud30210@raqood-ai,GP2_Robot_Advanced,33,58,25,86,83,72,0.806,1,0,0,0,0,1,0,1,0,1,0,1,0,1,1,1,1,0,1,0,0,0,0,1,0,1,0,0,1,1,0,0,1,0,1,0,1,1,0,1,0,1,0,0,1,1,1,1,0,1,1,0,0,0,0,0,0,0,0,1,0,0,1,1,0,1,1,1,0,1,1,1,1,0,1,0,1,1,1,1,1,1,1,1,1,1,0,1,1,1,1,1,1,1,1,1,1,1,1,1,1,1,1,1,1,0,1,1,0,0,1,1,1,0,1,1,1,0,1,1,1,1,1,0,1,1,1,0,1,1,0,1,1,1,1,1,0,1,1,1,3,3,2,1,3,2,1,2,2,2,3,3,3,2,1,2,3,3,3,2,3,1,3,3,3,2,3,1,1,1,1,3,4,2,4,4,3,4,4,4,3,2,2,3,3,4,2,2,2,3,2,2,4,4,2,4,3,3,3,3,2,2,3,2,4,2,3,4,3,2,3,2,2,4,4,4,4,3,4,3,3,2,2,4,2,4,2,2,3,4,2,2,3,2
stud30244@raqood-ai,GP2_Robot_Advanced,27,55,28,74,85,78,0.705,0,0,1,1,0,0,0,0,0,0,0,0,1,1,0,1,0,0,1,1,1,0,1,0,0,0,1,0,0,1,0,1,0,0,1,0,0,0,1,1,1,0,1,1,0,1,0,0,0,0,0,1,0,0,1,1,1,1,1,0,0,0,1,0,1,0,0,0,0,0,1,1,1,1,0,0,1,1,1,1,1,0,1,1,1,1,1,1,0,1,0,1,1,1,1,1,1,0,1,1,0,1,1,0,1,1,1,0,0,1,1,1,1,1,1,1,1,1,1,1,1,1,1,1,1,0,0,1,0,1,1,1,1,1,1,1,1,0,0,1,3,2,2,2,2,1,3,1,3,1,3,1,2,2,3,3,3,3,2,3,2,1,2,2,1,1,3,3,2,1,3,3,4,2,2,3,4,3,2,3,4,2,3,2,2,2,3,3,2,2,4,4,2,3,3,2,3,4,2,3,4,4,2,4,3,4,4,2,3,3,2,2,3,3,3,3,3,3,4,3,4,4,2,4,3,4,3,4,2,3,2,2,4,3
stud30227@raqood-ai,GP2_Robot_Advanced,22,57,35,74,89,72,0.792,0,0,1,0,0,1,0,0,0,0,1,1,0,0,0,1,1,0,0,1,1,0,1,0,0,0,1,0,0,0,0,0,1,0,1,0,0,0,0,0,0,0,1,0,0,1,0,0,0,0,1,0,1,0,1,0,1,1,0,0,0,0,1,1,1,0,0,0,0,0,1,0,0,1,1,1,1,1,0,1,1,1,1,1,1,1,0,1,1,1,0,1,1,1,1,1,0,1,1,1,1,1,1,1,1,1,1,1,1,1,1,1,1,1,1,1,1,1,1,1,1,0,1,1,1,1,0,1,0,1,0,1,1,1,0,1,1,0,0,1,2,1,2,1,1,1,3,2,3,1,3,3,1,3,2,2,2,2,2,3,1,2,1,2,3,3,2,2,1,3,3,2,3,4,3,2,2,4,3,2,3,2,4,4,4,3,4,2,3,2,3,3,3,2,4,2,3,3,4,3,3,4,3,4,2,2,3,2,4,4,3,3,3,2,4,3,3,4,3,3,2,3,2,2,2,2,3,2,2,2,3,3,4,2
stud30196@raqood-ai,GP2_Robot_Advanced,27,57,30,66,79,76,0.75,0,0,0,1,1,1,1,0,1,0,0,1,0,0,0,0,1,0,1,0,1,1,0,1,0,0,1,1,1,0,0,0,1,1,0,0,0,0,0,0,0,0,0,0,0,0,0,0,0,1,0,0,0,1,0,0,1,0,1,1,1,1,0,0,1,1,1,0,1,0,1,1,1,1,1,1,1,1,1,1,1,0,1,1,1,1,1,1,1,1,1,0,1,1,1,1,1,1,1,1,1,1,1,1,0,1,0,1,1,1,1,1,0,0,1,0,0,1,1,1,1,1,1,0,1,1,1,0,1,1,1,0,0,1,1,1,1,1,0,1,1,1,2,3,3,1,1,3,3,3,1,2,3,3,1,3,1,3,3,3,3,3,1,1,3,2,3,2,1,3,2,3,4,3,4,3,3,3,4,2,4,4,2,4,2,2,3,2,4,2,2,2,4,3,4,3,4,4,2,4,2,4,3,2,3,4,4,2,4,2,4,2,3,4,3,2,2,3,2,3,3,3,4,2,2,4,3,2,3,3,4,4,4,4
stud30198@raqood-ai,GP2_Robot_Advanced,32,59,27,76,88,79,0.747,0,0,1,1,0,1,0,1,0,0,1,0,1,0,0,1,0,0,1,0,0,1,0,1,1,0,1,1,0,0,0,0,0,1,1,1,1,1,0,1,1,1,0,1,0,0,0,1,0,1,0,0,0,1,0,0,1,1,1,0,0,1,1,0,1,0,0,1,0,0,1,1,1,0,1,0,1,1,1,1,1,1,1,1,1,1,1,1,1,1,0,1,1,1,1,0,0,1,1,1,1,1,1,1,1,0,0,1,1,1,1,1,0,1,1,1,0,1,1,1,1,1,1,1,1,1,1,1,0,0,1,1,1,1,1,1,1,1,1,1,2,1,2,1,1,3,1,3,1,1,1,1,3,2,2,2,1,3,2,2,3,2,2,1,1,3,2,2,2,1,2,1,2,3,3,3,3,3,4,2,3,2,4,4,2,4,4,2,2,4,2,4,2,4,3,4,2,4,2,3,3,2,3,3,2,2,2,2,4,2,4,2,3,2,2,2,2,3,2,4,2,4,4,4,2,4,3,4,2,4,3,4,2,3
stud30280@raqood-ai,GP2_Robot_Advanced,32,53,21,69,75,79,0.671,1,1,0,0,1,1,0,0,1,0,0,1,1,0,1,1,0,0,1,0,0,0,1,1,0,0,0,1,1,0,0,1,1,1,0,1,1,0,0,1,0,1,0,0,1,1,0,0,1,1,1,0,0,0,1,0,0,1,0,0,0,1,1,0,0,0,0,0,1,1,1,1,1,0,1,1,1,1,1,1,1,1,1,0,1,1,1,0,0,1,1,1,1,1,1,1,1,0,1,0,1,1,0,1,0,0,1,0,1,0,1,1,0,1,0,0,1,1,1,1,0,1,1,0,1,1,1,1,1,1,1,1,1,0,1,1,1,1,1,1,1,2,2,3,2,1,3,3,2,3,3,1,2,1,1,3,1,2,1,1,2,1,1,3,3,3,3,2,2,2,2,2,4,4,2,2,2,2,4,2,2,3,2,3,3,3,2,4,3,2,2,3,4,2,2,4,3,4,2,4,2,3,4,4,2,4,3,3,3,3,4,2,3,2,2,2,2,3,4,4,3,2,2,4,2,2,2,3,2,3,3,3,2,2
stud30099@raqood-ai,GP1_Robot,29,60,31,75,85,67,0.896,0,1,0,0,0,1,0,0,0,0,0,0,0,1,1,1,1,1,0,1,1,1,0,1,0,0,0,0,1,0,0,1,0,1,0,0,1,0,1,1,0,0,0,1,0,0,0,0,0,0,1,1,0,1,0,0,1,1,0,1,1,1,0,0,1,0,1,1,0,0,1,1,1,1,1,1,1,1,0,0,1,1,1,1,1,1,1,1,1,1,0,0,1,1,1,0,0,1,1,1,1,1,1,1,1,1,1,1,1,0,1,1,1,1,1,1,0,1,1,1,1,1,1,1,1,0,1,1,1,1,1,1,1,1,0,1,1,1,1,1,1,3,2,1,3,2,2,2,3,2,2,2,2,1,3,1,2,3,2,3,3,2,2,2,3,2,3,2,1,1,3,2,4,2,4,2,3,3,4,4,4,3,2,4,4,2,2,4,3,3,4,2,3,2,4,2,3,4,4,3,4,3,3,4,2,3,3,3,3,2,4,3,2,3,3,4,4,4,3,2,4,2,4,2,4,2,2,4,4,3,4,2,4,4
stud30093@raqood-ai,GP1_Robot,34,53,19,74,90,69,0.768,0,0,1,0,1,0,1,1,1,0,1,0,1,1,1,0,0,1,1,0,1,1,1,1,1,0,0,1,1,0,0,1,0,1,1,1,1,0,0,0,1,0,0,0,0,1,0,0,0,1,1,1,0,0,1,0,0,1,0,0,0,1,0,0,1,1,0,0,1,0,0,1,1,0,1,1,1,1,1,0,1,1,1,1,0,1,1,1,0,0,1,1,1,1,0,1,1,1,1,1,1,1,1,0,1,1,1,1,1,1,1,1,0,1,1,0,1,1,1,1,0,1,1,1,1,0,1,1,1,0,1,1,0,1,0,1,0,1,1,0,2,3,2,2,3,1,2,2,3,1,1,3,2,2,3,3,1,3,2,1,2,1,2,1,1,1,2,2,2,3,2,2,3,4,4,3,4,3,4,2,3,2,2,3,2,3,2,3,2,2,3,2,2,3,4,3,4,3,4,3,4,2,2,3,2,2,2,2,3,3,2,4,2,2,2,4,2,3,4,4,4,2,2,2,4,3,4,4,4,4,4,3,4,4
stud30033@raqood-ai,GP1_Robot,31,55,24,77,87,79,0.696,1,0,0,1,1,0,1,0,0,1,0,0,1,0,1,1,0,0,0,0,0,1,1,1,0,0,0,0,0,1,0,0,1,0,0,1,1,1,1,0,0,1,0,1,0,1,0,0,1,0,1,1,1,0,0,0,1,1,1,0,1,0,0,1,0,1,0,0,1,0,1,1,0,1,1,1,1,1,1,1,1,1,1,1,1,1,1,1,1,1,1,1,1,1,1,1,0,1,1,1,0,1,1,0,1,0,0,0,1,1,1,0,1,1,1,1,1,1,0,1,1,0,1,1,1,1,0,1,1,1,0,0,0,1,1,1,1,0,1,1,3,2,1,2,2,2,1,1,3,1,3,2,2,2,3,3,2,1,3,3,1,3,1,2,3,2,1,2,2,2,3,2,4,4,3,2,3,3,2,3,2,2,4,4,3,3,4,3,2,4,4,2,3,2,4,2,3,2,2,4,4,3,4,2,4,3,4,4,4,4,4,4,2,2,4,3,3,4,4,3,3,2,2,2,2,4,4,3,3,3,3,3,4,3
stud30078@raqood-ai,GP1_Robot,29,55,26,81,87,75,0.733,0,1,0,0,0,0,0,0,0,1,1,0,0,0,1,1,0,0,1,0,0,1,0,1,0,0,0,1,0,1,1,0,1,0,0,1,0,0,0,0,1,0,1,1,1,0,0,1,1,1,1,1,0,1,0,0,0,1,1,0,0,0,1,0,0,1,1,1,0,0,1,1,1,1,0,0,1,1,1,1,1,0,1,1,1,1,0,1,1,1,1,1,1,1,1,1,1,1,1,0,1,1,1,0,0,1,1,1,1,1,1,1,1,1,0,1,1,1,1,1,1,0,1,0,1,1,1,0,0,1,1,1,1,0,0,1,1,0,1,1,3,3,1,2,1,3,1,1,2,1,3,3,3,1,1,1,1,1,2,2,2,2,2,2,1,2,3,1,2,1,3,1,3,2,4,3,3,3,4,4,3,3,2,4,2,2,4,2,4,2,4,2,4,2,2,2,4,3,4,2,3,4,2,4,3,3,2,4,3,4,3,2,3,2,3,4,3,3,2,2,4,3,2,4,4,4,2,4,3,2,4,4,3,4
stud30002@raqood-ai,GP1_Robot,30,63,33,71,82,75,0.84,1,1,0,0,0,0,0,0,0,0,0,0,1,1,0,1,0,0,0,1,0,0,0,0,1,1,0,0,1,1,1,0,1,1,1,0,1,0,1,1,1,1,1,1,0,0,0,0,0,1,0,1,1,0,1,0,0,1,0,1,1,0,0,1,0,0,0,1,0,0,1,1,0,1,1,1,1,1,1,1,1,1,1,0,1,1,1,1,0,1,1,1,1,1,1,1,1,1,1,1,1,1,1,1,1,1,1,1,1,1,1,1,1,1,1,1,1,1,1,1,1,0,1,1,1,0,1,1,0,1,1,1,0,1,1,1,1,1,1,1,2,3,1,3,2,3,1,1,3,2,2,3,3,2,2,3,1,1,2,1,3,1,3,1,2,1,1,1,2,3,2,1,3,2,2,3,2,2,3,3,4,2,3,3,3,4,3,2,2,3,3,2,4,2,4,4,2,4,2,3,2,2,2,2,4,4,3,2,2,2,2,4,2,4,2,2,3,3,2,2,3,2,2,3,3,3,2,2,4,3,3,4,2,2
stud30050@raqood-ai,GP1_Robot,23,57,34,84,82,76,0.75,0,1,0,0,0,0,0,0,0,0,0,0,1,1,1,0,1,0,1,1,0,0,0,0,0,0,0,0,0,0,0,0,0,1,1,0,0,1,0,0,1,1,1,0,1,1,0,1,0,0,1,0,0,0,1,0,1,0,0,0,0,1,0,0,1,0,0,0,1,1,0,1,1,1,1,1,1,1,1,0,1,1,1,0,1,1,1,1,0,0,1,1,1,1,1,1,1,1,0,0,1,1,1,1,1,0,1,1,1,1,1,1,1,1,1,1,1,1,1,1,1,1,1,1,1,0,0,1,1,1,1,1,1,0,0,0,1,1,1,1,2,2,2,1,2,1,3,2,2,1,3,2,1,3,1,2,3,1,3,2,2,3,3,2,3,1,2,2,3,2,2,3,3,4,3,4,4,4,4,4,2,4,4,4,4,2,2,4,3,3,2,4,4,3,3,2,3,3,4,2,2,2,2,3,2,3,2,2,4,2,4,4,2,2,2,3,2,3,3,2,2,3,2,4,2,3,2,4,4,2,2,2,4,2
stud30105@raqood-ai,GP1_Robot,25,55,30,76,82,76,0.724,0,1,0,1,0,0,0,0,0,0,1,0,0,1,0,0,0,1,1,0,1,0,1,1,1,0,0,0,1,0,0,1,0,0,0,0,0,0,1,1,1,1,1,0,1,0,0,1,0,0,1,1,0,0,0,0,0,1,1,0,0,0,0,0,0,0,0,1,0,1,1,0,1,1,1,0,1,1,1,1,1,1,0,1,1,1,0,1,1,1,0,1,1,1,1,1,1,1,1,0,1,1,1,1,1,0,1,1,0,1,0,0,1,1,0,1,1,1,1,1,1,1,1,1,1,0,1,1,1,1,0,1,0,1,1,0,1,1,1,1,2,1,1,1,1,1,1,2,1,2,2,1,1,1,2,1,2,3,2,3,1,3,1,2,1,1,2,2,3,3,2,3,4,2,2,4,4,4,4,3,3,4,4,3,4,3,4,2,2,4,3,3,4,2,4,3,2,3,2,2,3,2,4,4,2,2,4,3,2,2,2,4,2,2,3,4,2,4,4,2,3,3,4,3,4,3,2,3,2,2,3,3,2,3
stud30101@raqood-ai,GP1_Robot,23,56,33,83,79,86,0.651,1,1,0,0,0,0,0,0,0,0,1,0,0,0,0,0,0,0,0,0,0,0,0,0,1,0,0,0,1,0,0,1,1,0,1,1,1,1,0,1,0,0,0,1,1,1,0,1,0,0,1,0,0,0,1,1,1,0,0,1,0,0,0,0,0,0,0,0,1,1,1,1,0,1,0,1,1,0,0,1,1,1,1,1,1,1,1,1,1,1,1,1,1,0,1,1,1,0,1,0,1,1,1,0,1,1,1,0,1,1,1,1,1,1,1,1,0,1,1,1,1,1,0,1,1,1,1,1,1,1,1,1,1,1,1,0,1,1,0,0,2,3,3,2,1,3,3,3,1,1,2,3,1,2,3,1,1,3,2,2,2,1,2,3,1,1,1,1,1,3,1,3,4,2,2,3,3,3,4,2,4,2,3,3,4,3,3,4,4,4,2,2,2,4,3,2,4,2,4,2,3,3,2,2,3,4,4,2,4,3,4,4,3,2,3,3,4,3,3,4,4,4,2,3,4,4,4,2,3,3,4,4,2,2
stud30097@raqood-ai,GP1_Robot,31,56,25,82,83,72,0.778,0,0,1,0,1,0,0,1,1,0,0,1,1,0,1,0,1,1,1,0,0,1,0,1,1,0,0,0,1,0,0,0,1,1,0,1,0,0,0,1,0,1,1,1,0,0,1,0,0,1,0,1,0,0,1,1,1,0,0,0,0,1,1,1,0,1,0,0,0,0,1,1,1,1,1,1,1,1,1,1,1,0,0,0,1,1,1,1,0,1,1,0,1,1,0,0,1,1,1,1,1,1,1,1,1,1,1,1,1,1,1,1,1,0,1,1,1,0,1,1,0,0,0,1,1,1,1,1,0,1,1,1,1,1,1,0,1,1,1,1,1,3,3,1,1,2,3,2,1,3,2,3,2,3,1,3,3,1,1,2,2,3,3,2,1,3,1,1,1,1,2,2,4,3,4,4,2,2,3,4,2,2,3,3,3,4,4,2,2,4,3,2,2,4,2,3,2,2,2,3,2,4,4,2,3,3,4,2,3,2,3,2,3,3,4,4,3,4,3,2,2,3,3,2,2,4,4,2,2,3,2,3,3,3
stud30038@raqood-ai,GP1_Robot,26,53,27,78,78,77,0.688,0,0,0,0,0,1,0,1,1,1,1,1,0,0,0,1,0,0,0,0,1,1,0,1,1,1,1,1,0,1,0,0,0,0,1,0,0,0,0,0,0,1,0,1,1,0,0,1,0,0,0,1,0,0,0,0,1,0,0,1,1,0,1,0,0,0,0,0,1,0,1,0,1,0,0,1,0,0,1,1,1,1,1,1,1,0,1,0,0,1,1,1,1,0,1,1,1,1,1,1,1,1,1,1,1,1,0,0,1,1,1,1,1,0,1,1,1,1,1,1,1,1,1,1,1,1,1,1,1,1,1,0,0,0,1,1,1,0,1,0,3,1,2,3,1,3,3,2,2,3,3,1,3,2,3,1,2,1,3,1,1,1,2,1,3,3,2,1,1,1,1,1,2,3,4,3,2,3,4,3,2,2,2,2,3,4,2,4,3,3,3,2,3,2,2,3,4,3,2,4,4,3,3,4,3,4,4,4,2,3,3,4,2,4,4,2,2,3,2,3,3,3,2,3,3,4,2,3,2,4,4,4,3,4
stud30016@raqood-ai,GP1_Robot,32,55,23,78,81,80,0.688,0,1,0,1,0,1,1,1,0,1,1,0,0,0,0,1,1,1,0,0,0,1,0,0,1,0,0,0,0,0,1,0,0,1,0,1,1,0,0,0,0,1,1,1,1,1,1,0,1,1,0,0,0,0,0,1,0,0,1,0,1,1,1,0,1,1,0,1,0,0,1,1,1,1,1,1,1,0,1,1,1,1,0,1,0,1,1,1,1,0,0,1,1,0,1,1,1,1,1,1,1,1,0,0,1,1,0,1,0,1,1,1,1,1,1,1,1,1,0,1,0,1,1,1,1,1,1,1,0,1,0,1,1,1,1,1,0,1,1,1,1,3,2,3,3,2,1,2,3,3,3,2,1,1,1,2,3,3,2,2,1,3,2,2,1,3,3,3,1,3,3,3,3,3,4,3,2,3,4,3,2,3,2,3,4,3,3,3,2,3,4,2,3,2,2,2,2,3,3,3,3,3,2,3,2,4,3,3,3,4,3,2,3,4,3,2,3,4,2,3,2,3,4,4,3,3,4,2,2,3,2,3,4,3
stud30045@raqood-ai,GP1_Robot,32,56,24,81,81,76,0.737,0,0,0,0,1,1,0,1,1,1,0,0,1,0,1,0,0,0,1,1,0,0,1,1,1,1,1,0,1,0,0,0,0,0,0,1,1,1,1,0,0,0,0,0,0,0,1,0,0,0,1,1,1,0,1,1,0,1,0,0,1,1,0,0,0,1,1,0,1,1,1,1,1,0,1,1,1,1,1,1,1,1,1,1,1,1,1,1,0,1,1,1,1,1,1,1,1,1,1,1,1,0,1,0,1,1,1,1,1,1,1,0,1,1,1,0,1,1,1,0,1,1,1,1,0,1,0,1,1,1,0,0,1,1,1,1,0,1,0,0,3,2,3,3,3,3,1,3,2,1,3,3,3,1,2,1,3,3,3,2,2,2,2,1,3,1,2,2,1,1,3,2,2,4,4,2,4,2,3,3,3,3,2,3,3,2,3,4,2,2,4,3,4,3,2,3,4,4,3,4,2,2,2,3,4,2,3,2,4,2,2,3,3,3,3,3,4,4,3,4,3,2,3,4,2,4,4,3,3,3,3,2,3,2
stud30107@raqood-ai,GP1_Robot,25,60,35,79,83,76,0.789,1,0,0,0,0,0,0,0,0,0,1,1,0,0,1,0,1,1,1,0,0,0,1,0,1,1,0,1,0,1,0,0,0,0,0,0,0,0,0,1,0,0,0,1,1,1,0,0,1,0,1,1,1,0,0,0,0,1,0,0,0,0,1,0,1,0,0,1,1,0,1,1,1,1,1,1,1,1,1,1,1,1,1,1,1,1,1,1,1,0,0,1,1,1,1,1,1,1,1,1,0,1,1,1,1,1,1,1,1,1,0,0,1,0,1,1,0,0,1,1,1,1,0,1,1,1,1,1,1,1,1,0,1,1,1,1,1,1,1,1,1,1,3,1,2,2,2,2,3,3,2,2,1,1,2,1,3,2,1,1,2,2,3,3,3,1,1,1,3,1,2,2,3,3,3,2,3,3,2,4,2,2,2,3,4,4,3,2,3,3,3,4,3,3,3,2,3,2,2,3,2,2,3,2,4,4,3,2,2,4,2,4,3,3,4,2,4,2,4,2,4,3,2,3,4,4,3,3,4,3,2,3,4,3
stud30096@raqood-ai,GP1_Robot,34,57,23,78,73,75,0.76,1,0,0,1,1,0,0,1,1,0,1,0,0,0,1,1,0,0,1,1,1,0,1,1,1,0,0,0,1,1,1,1,1,1,0,1,1,1,0,0,1,0,0,0,0,0,1,0,0,0,1,0,0,1,1,0,0,1,1,1,0,1,0,1,0,0,1,0,0,0,0,1,0,1,1,0,1,0,1,1,1,1,1,1,1,1,1,1,1,1,1,1,1,1,1,0,0,1,1,1,1,1,1,1,1,0,1,0,1,1,1,0,1,1,1,1,1,1,1,1,1,1,1,1,1,1,1,0,1,1,0,1,1,0,1,1,1,0,1,1,3,2,3,1,1,3,1,1,2,3,1,1,3,3,1,1,2,1,2,1,3,3,1,1,2,2,2,3,3,2,1,2,2,4,4,4,3,2,4,3,2,4,3,3,4,4,3,4,2,4,3,3,4,2,2,4,3,2,2,2,2,4,4,4,4,3,2,4,2,3,4,4,2,4,3,3,2,3,4,4,3,3,2,2,2,3,3,2,3,3,3,4,4,3
stud30034@raqood-ai,GP1_Robot,26,48,22,71,86,73,0.658,0,0,0,1,1,0,1,0,1,1,0,0,0,0,1,1,0,1,0,0,1,0,1,0,0,0,0,0,1,1,0,0,1,1,0,0,0,0,1,0,1,0,1,1,0,0,1,0,1,1,0,1,0,0,0,0,0,0,0,0,0,1,0,0,0,0,0,1,1,1,1,1,1,1,0,0,1,1,0,1,1,1,0,1,1,0,1,0,1,1,1,1,1,0,1,1,0,0,1,1,1,0,1,1,1,1,1,1,0,0,1,0,1,1,1,0,0,0,0,1,0,1,1,1,1,1,0,0,1,1,1,0,1,1,1,1,1,0,1,1,2,1,2,2,3,3,3,2,2,2,1,1,3,1,2,2,1,1,3,1,3,2,1,1,1,1,1,1,1,1,3,2,4,4,3,2,4,3,4,4,3,3,3,4,3,2,2,2,2,2,2,4,2,3,3,2,3,4,2,2,4,3,4,3,3,2,2,4,4,4,4,3,2,4,4,4,3,2,3,3,4,2,3,4,2,2,2,3,4,4,3,4,2,3
stud30012@raqood-ai,GP1_Robot,28,60,32,75,84,74,0.811,1,0,0,1,0,0,0,1,0,1,0,1,0,1,1,0,1,1,0,0,1,0,0,0,1,0,1,0,0,1,0,0,1,1,0,0,0,0,0,0,0,1,0,0,0,1,0,0,0,1,0,0,1,0,0,0,1,0,1,0,0,0,0,1,1,1,1,1,1,1,1,1,1,1,1,1,0,0,1,1,1,1,1,1,1,1,1,1,1,1,1,1,0,0,1,1,1,1,1,1,1,0,1,1,1,0,1,1,1,1,0,1,1,1,1,1,1,1,1,1,1,1,0,1,1,1,0,1,1,1,1,1,1,1,0,1,1,1,1,1,2,2,2,1,1,3,1,3,3,2,2,1,3,1,2,3,1,1,1,1,1,1,2,1,3,1,2,1,3,3,1,3,3,3,4,4,4,3,2,4,2,4,3,2,4,4,4,2,2,3,3,4,3,3,3,3,3,2,4,2,2,2,4,2,3,2,2,2,2,3,4,4,2,4,2,4,3,3,4,4,2,4,4,2,2,3,2,2,4,2,2,3,3,3
stud30130@raqood-ai,GP1_Robot,35,51,16,77,87,72,0.708,0,1,0,1,1,0,0,0,0,1,1,0,0,0,1,0,0,1,1,0,0,1,1,0,1,1,0,1,0,0,0,0,1,1,0,0,0,0,0,1,1,1,0,1,0,1,1,0,1,1,0,1,0,1,0,1,1,0,1,1,1,0,1,0,0,1,1,1,1,0,0,1,1,0,1,0,0,1,1,1,1,1,0,0,1,0,0,1,1,1,0,1,1,0,1,1,1,1,1,1,1,1,1,0,1,1,1,1,0,1,1,1,1,1,1,1,1,0,1,0,1,1,1,0,0,1,0,1,0,1,1,1,1,1,1,0,1,1,1,1,3,3,2,2,1,3,1,2,2,2,2,1,2,1,3,1,1,1,1,1,1,1,2,1,2,1,2,3,3,3,2,2,4,3,3,3,4,4,2,2,3,2,2,4,3,3,3,2,3,2,2,4,2,2,2,2,2,3,4,4,4,3,3,3,3,3,2,3,4,4,2,2,2,4,2,3,3,4,4,2,3,2,4,3,2,3,2,3,2,4,3,2,3,3
stud30040@raqood-ai,GP1_Robot,26,59,33,72,79,83,0.711,1,0,1,0,0,0,0,0,0,1,0,0,0,0,0,1,0,1,0,0,1,0,0,1,0,0,0,0,1,0,1,1,1,0,1,0,0,0,0,0,1,0,0,0,1,1,1,0,1,0,0,1,0,0,1,0,0,0,0,0,1,1,0,1,0,1,1,1,1,0,1,1,1,1,1,1,0,1,0,1,1,1,1,1,1,1,1,1,1,0,0,1,1,1,1,1,1,1,1,1,1,1,1,1,1,0,1,1,1,1,1,1,1,1,0,1,1,1,1,1,1,1,1,1,0,1,1,0,1,1,0,1,1,1,1,0,1,0,1,1,1,1,1,2,3,1,3,2,1,3,3,2,3,2,1,3,2,1,2,2,3,1,3,2,2,1,3,3,1,1,1,3,3,3,2,4,3,4,3,2,4,3,3,2,2,2,2,3,2,2,4,3,3,2,3,4,2,2,4,3,3,3,3,2,4,2,3,4,3,2,4,2,2,2,2,2,4,4,2,4,4,3,4,3,3,2,4,4,3,2,4,3,2,2
stud30028@raqood-ai,GP1_Robot,24,57,33,83,88,77,0.74,0,1,0,1,0,0,0,0,1,1,0,0,0,0,0,0,1,0,1,0,0,1,1,0,0,0,1,0,0,0,0,0,0,0,1,1,1,1,0,0,1,0,0,0,1,0,0,1,1,0,0,1,0,0,1,0,0,0,0,1,1,0,1,0,0,1,0,1,0,0,1,1,1,1,1,1,1,1,0,1,0,1,1,0,1,0,1,1,1,1,1,0,0,1,1,1,1,1,1,0,1,1,1,0,1,0,1,1,1,0,1,1,0,1,1,1,1,1,1,1,0,1,1,1,1,1,0,1,1,1,1,1,1,1,1,1,1,1,1,1,2,2,1,2,3,2,3,2,2,1,3,2,3,2,1,1,3,2,3,2,1,3,1,2,1,2,3,2,1,2,1,3,3,3,3,4,4,4,3,3,2,4,3,3,4,3,3,2,4,2,3,4,4,4,2,4,2,4,4,3,3,2,3,2,2,4,2,4,2,4,4,4,4,3,2,2,2,4,2,4,2,2,3,3,2,3,3,2,3,3,3,4,4,3
stud30051@raqood-ai,GP1_Robot,24,54,30,77,78,75,0.72,1,1,0,0,0,0,0,0,1,1,0,1,0,0,0,1,1,0,0,1,0,1,1,1,0,0,0,0,0,0,0,0,1,0,1,0,1,0,0,0,1,1,0,0,0,0,1,0,0,1,0,0,1,1,1,0,1,0,0,0,0,0,0,0,1,1,0,0,0,0,1,1,0,1,1,0,1,1,1,1,1,1,1,0,1,1,1,1,0,1,1,0,1,1,1,1,1,1,1,1,1,1,1,1,1,1,1,0,1,1,1,1,1,1,1,0,0,1,0,1,1,0,1,1,1,1,0,1,1,1,0,0,1,0,1,1,0,1,0,1,3,2,2,3,3,3,3,3,2,3,2,3,3,1,3,2,2,2,2,1,3,3,2,2,3,2,3,2,1,3,3,3,3,2,2,4,2,2,3,3,4,3,2,4,4,3,3,2,3,3,4,2,2,2,2,3,3,4,3,3,2,4,2,3,2,2,2,2,4,4,2,4,2,2,4,3,4,4,2,2,3,4,4,3,4,3,4,4,3,3,3,3,3,4
stud30041@raqood-ai,GP1_Robot,28,61,33,70,83,82,0.744,0,1,1,0,0,0,0,1,1,0,0,1,0,0,1,0,0,0,1,0,1,0,1,0,1,0,0,0,1,0,1,0,0,1,0,0,1,1,1,0,1,0,1,1,1,0,0,0,1,0,0,0,0,1,0,1,0,1,0,0,1,1,1,1,0,0,0,0,0,0,1,1,1,1,1,1,1,0,1,1,1,1,0,1,1,1,1,1,1,1,1,1,0,0,1,0,1,1,1,0,1,0,1,1,1,1,1,1,1,1,1,1,0,1,1,1,1,1,1,1,1,1,1,1,1,1,1,1,1,1,1,0,1,1,1,1,1,1,1,1,1,2,3,2,2,2,3,1,1,3,1,2,2,2,1,2,3,3,2,1,1,2,1,2,3,3,2,2,1,3,3,1,4,4,2,3,2,3,2,2,4,4,3,4,4,2,2,2,3,2,2,2,4,2,2,2,2,2,4,2,4,2,2,4,3,2,4,4,3,4,4,4,3,3,3,3,2,4,4,4,3,3,4,2,2,3,4,2,3,2,2,3,4,3
stud30048@raqood-ai,GP1_Robot,31,52,21,75,78,75,0.693,1,1,0,1,0,1,1,0,0,0,0,0,1,0,1,1,0,0,1,1,1,0,1,0,0,1,1,1,0,0,1,0,0,1,1,1,1,0,0,0,1,1,1,1,1,0,0,0,0,0,0,0,0,0,0,0,1,0,0,0,1,1,0,1,1,0,0,1,0,0,1,1,1,1,1,1,0,0,1,1,1,0,1,1,1,1,1,1,1,1,1,1,1,1,0,1,1,1,0,0,1,1,1,1,1,1,1,1,0,0,0,1,1,0,1,1,1,0,1,1,0,1,1,0,1,0,1,1,0,0,1,0,1,1,1,1,1,1,0,1,3,3,2,2,3,1,2,1,2,2,3,1,2,2,2,2,3,3,3,2,2,2,1,1,1,1,2,3,1,2,1,1,2,4,3,2,2,3,4,2,4,3,3,3,3,2,4,3,4,4,2,4,2,3,2,3,3,3,4,2,2,3,4,3,3,3,2,4,4,3,3,2,2,3,3,4,2,4,3,3,3,3,4,2,4,2,2,3,3,3,4,2,2,4
stud30035@raqood-ai,GP1_Robot,26,56,30,79,84,77,0.727,1,0,0,0,0,1,0,0,0,1,1,1,0,0,0,0,1,1,0,0,0,0,1,0,0,1,0,1,0,0,1,1,1,0,0,0,0,1,0,0,1,0,0,0,1,0,0,0,1,0,1,1,1,0,1,0,0,0,1,1,0,1,0,0,1,0,0,0,0,1,1,1,1,1,1,1,0,1,1,1,0,1,1,0,1,0,0,1,1,1,1,1,1,1,1,1,0,1,1,1,1,1,1,1,1,1,0,0,1,1,0,0,1,0,1,1,1,1,1,0,1,1,0,1,1,0,1,1,1,1,1,1,1,1,1,1,1,1,1,1,3,1,2,1,2,3,3,2,2,1,3,3,1,3,3,1,2,2,1,2,2,1,3,1,2,1,2,1,1,3,3,1,2,3,4,2,3,4,2,3,4,4,3,4,2,2,4,2,3,4,3,2,4,2,4,2,4,2,2,2,4,4,3,4,2,2,3,2,2,3,4,4,2,2,4,2,4,4,3,3,2,4,2,4,4,3,3,4,2,3,2,3,2,3
stud30276@raqood-ai,GP2_Robot_Advanced,29,55,26,78,80,75,0.733,0,0,1,0,0,0,1,0,0,1,0,0,0,1,1,0,0,0,0,0,0,0,1,1,1,0,0,1,1,0,0,0,1,0,0,0,1,0,1,0,0,1,1,0,0,1,1,0,1,1,1,1,0,0,0,1,1,1,0,1,0,1,0,0,0,0,1,1,0,1,1,1,1,0,1,0,1,1,1,1,1,1,1,1,1,1,1,1,1,0,1,1,1,0,1,1,0,0,1,1,1,1,1,1,0,1,0,1,1,1,0,1,0,1,1,1,1,1,1,0,1,1,1,0,0,1,1,1,1,1,1,1,0,1,0,1,1,1,1,1,2,2,1,3,2,1,1,2,2,2,3,1,1,3,2,2,2,1,1,2,1,2,2,2,1,1,1,2,3,1,3,2,2,4,3,2,2,3,3,4,4,2,2,2,3,4,4,4,2,3,3,4,4,4,3,2,3,2,4,2,3,4,3,3,2,3,2,4,4,4,3,4,4,2,3,4,4,4,2,2,2,3,2,2,3,2,3,2,3,2,3,3,2,2
